repository_index,repository_slug,method_number_in_repository,selected_method_id,global_method_number,function_name,source_file,commit_hash,line_start,line_end,fan_out,github_link
1,meertensinstituut/mtas,1,1,1,CodecCollector.collectSpansPositionsAndTokens,src/main/java/mtas/codec/util/CodecCollector.java,f02ae730848616bd88b553efa7f9eddc32818e64,353,914,104,https://github.com/meertensinstituut/mtas/blob/f02ae730848616bd88b553efa7f9eddc32818e64/src/main/java/mtas/codec/util/CodecCollector.java#L353-L914
1,meertensinstituut/mtas,2,2,2,MtasXMLParser.createTokenCollection,src/main/java/mtas/analysis/parser/MtasXMLParser.java,f02ae730848616bd88b553efa7f9eddc32818e64,357,900,78,https://github.com/meertensinstituut/mtas/blob/f02ae730848616bd88b553efa7f9eddc32818e64/src/main/java/mtas/analysis/parser/MtasXMLParser.java#L357-L900
1,meertensinstituut/mtas,3,3,3,MtasSolrComponentTermvector.distributedProcessMissingTop,src/main/java/mtas/solr/handler/component/util/MtasSolrComponentTermvector.java,f02ae730848616bd88b553efa7f9eddc32818e64,763,1204,59,https://github.com/meertensinstituut/mtas/blob/f02ae730848616bd88b553efa7f9eddc32818e64/src/main/java/mtas/solr/handler/component/util/MtasSolrComponentTermvector.java#L763-L1204
2,kuali/ojb-1.0.4,1,4,657,RepositoryXmlHandler.startElement,src/java/org/apache/ojb/broker/metadata/RepositoryXmlHandler.java,9a544372f67ce965f662cdc71609dd03683c8f04,138,961,94,https://github.com/kuali/ojb-1.0.4/blob/9a544372f67ce965f662cdc71609dd03683c8f04/src/java/org/apache/ojb/broker/metadata/RepositoryXmlHandler.java#L138-L961
2,kuali/ojb-1.0.4,2,5,658,ConnectionDescriptorXmlHandler.startElement,src/java/org/apache/ojb/broker/metadata/ConnectionDescriptorXmlHandler.java,9a544372f67ce965f662cdc71609dd03683c8f04,109,358,55,https://github.com/kuali/ojb-1.0.4/blob/9a544372f67ce965f662cdc71609dd03683c8f04/src/java/org/apache/ojb/broker/metadata/ConnectionDescriptorXmlHandler.java#L109-L358
2,kuali/ojb-1.0.4,3,6,661,QueryReferenceBroker.getCollectionByQuery,src/java/org/apache/ojb/broker/core/QueryReferenceBroker.java,9a544372f67ce965f662cdc71609dd03683c8f04,93,232,36,https://github.com/kuali/ojb-1.0.4/blob/9a544372f67ce965f662cdc71609dd03683c8f04/src/java/org/apache/ojb/broker/core/QueryReferenceBroker.java#L93-L232
3,PeterisP/LVTagger,1,7,1898,NERFeatureFactory.featuresC,src/main/java/edu/stanford/nlp/ie/NERFeatureFactory.java,b3d44bab9ec07ace0d13612c448a6b7298c1f681,809,1801,75,https://github.com/PeterisP/LVTagger/blob/b3d44bab9ec07ace0d13612c448a6b7298c1f681/src/main/java/edu/stanford/nlp/ie/NERFeatureFactory.java#L809-L1801
3,PeterisP/LVTagger,2,8,1899,TreePrint.printTreeInternal,src/main/java/edu/stanford/nlp/trees/TreePrint.java,b3d44bab9ec07ace0d13612c448a6b7298c1f681,334,659,61,https://github.com/PeterisP/LVTagger/blob/b3d44bab9ec07ace0d13612c448a6b7298c1f681/src/main/java/edu/stanford/nlp/trees/TreePrint.java#L334-L659
3,PeterisP/LVTagger,3,9,1900,CRFClassifier.train,src/main/java/edu/stanford/nlp/ie/crf/CRFClassifier.java,b3d44bab9ec07ace0d13612c448a6b7298c1f681,1500,1735,48,https://github.com/PeterisP/LVTagger/blob/b3d44bab9ec07ace0d13612c448a6b7298c1f681/src/main/java/edu/stanford/nlp/ie/crf/CRFClassifier.java#L1500-L1735
4,mojohaus/mrm,1,10,3097,MockArtifactStore.getMetadata,mrm-servlet/src/main/java/org/codehaus/mojo/mrm/impl/maven/MockArtifactStore.java,ecbe54a1866f210c10bf2e9274b63d4804d6a151,450,664,69,https://github.com/mojohaus/mrm/blob/ecbe54a1866f210c10bf2e9274b63d4804d6a151/mrm-servlet/src/main/java/org/codehaus/mojo/mrm/impl/maven/MockArtifactStore.java#L450-L664
4,mojohaus/mrm,2,11,3098,FileSystemServlet.doGet,mrm-servlet/src/main/java/org/codehaus/mojo/mrm/servlet/FileSystemServlet.java,ecbe54a1866f210c10bf2e9274b63d4804d6a151,112,280,48,https://github.com/mojohaus/mrm/blob/ecbe54a1866f210c10bf2e9274b63d4804d6a151/mrm-servlet/src/main/java/org/codehaus/mojo/mrm/servlet/FileSystemServlet.java#L112-L280
4,mojohaus/mrm,3,12,3099,CompositeArtifactStore.getMetadata,mrm-servlet/src/main/java/org/codehaus/mojo/mrm/impl/maven/CompositeArtifactStore.java,ecbe54a1866f210c10bf2e9274b63d4804d6a151,207,323,37,https://github.com/mojohaus/mrm/blob/ecbe54a1866f210c10bf2e9274b63d4804d6a151/mrm-servlet/src/main/java/org/codehaus/mojo/mrm/impl/maven/CompositeArtifactStore.java#L207-L323
5,biouno/pbs-java-api,1,13,3199,QstatJobsParser.parse,src/main/java/com/tupilabs/pbs/parser/QstatJobsParser.java,f6dd96ab59ff5ac394e193a2bbc224cc611b92cb,64,217,61,https://github.com/biouno/pbs-java-api/blob/f6dd96ab59ff5ac394e193a2bbc224cc611b92cb/src/main/java/com/tupilabs/pbs/parser/QstatJobsParser.java#L64-L217
5,biouno/pbs-java-api,2,14,3200,QstatQueuesParser.parse,src/main/java/com/tupilabs/pbs/parser/QstatQueuesParser.java,f6dd96ab59ff5ac394e193a2bbc224cc611b92cb,64,142,32,https://github.com/biouno/pbs-java-api/blob/f6dd96ab59ff5ac394e193a2bbc224cc611b92cb/src/main/java/com/tupilabs/pbs/parser/QstatQueuesParser.java#L64-L142
5,biouno/pbs-java-api,3,15,3201,PBS.qsub,src/main/java/com/tupilabs/pbs/PBS.java,f6dd96ab59ff5ac394e193a2bbc224cc611b92cb,336,364,13,https://github.com/biouno/pbs-java-api/blob/f6dd96ab59ff5ac394e193a2bbc224cc611b92cb/src/main/java/com/tupilabs/pbs/PBS.java#L336-L364
6,teknux-org/jetty-bootstrap,1,16,3213,JettyBootstrap.createConnectors,jetty-bootstrap/src/main/java/org/teknux/jettybootstrap/JettyBootstrap.java,c16e710b833084c650fce35aa8c1ccaf83cd93ef,576,683,56,https://github.com/teknux-org/jetty-bootstrap/blob/c16e710b833084c650fce35aa8c1ccaf83cd93ef/jetty-bootstrap/src/main/java/org/teknux/jettybootstrap/JettyBootstrap.java#L576-L683
6,teknux-org/jetty-bootstrap,2,17,3214,JettyBootstrap.getInitializedConfiguration,jetty-bootstrap/src/main/java/org/teknux/jettybootstrap/JettyBootstrap.java,c16e710b833084c650fce35aa8c1ccaf83cd93ef,473,546,39,https://github.com/teknux-org/jetty-bootstrap/blob/c16e710b833084c650fce35aa8c1ccaf83cd93ef/jetty-bootstrap/src/main/java/org/teknux/jettybootstrap/JettyBootstrap.java#L473-L546
7,lamarios/sherdog-parser,1,19,3234,FighterParser.parseDocument,src/main/java/com/ftpix/sherdogparser/parsers/FighterParser.java,7cdb36280317caeaaa54db77c04dc4b4e1db053e,77,249,55,https://github.com/lamarios/sherdog-parser/blob/7cdb36280317caeaaa54db77c04dc4b4e1db053e/src/main/java/com/ftpix/sherdogparser/parsers/FighterParser.java#L77-L249
7,lamarios/sherdog-parser,2,20,3235,EventParser.getFights,src/main/java/com/ftpix/sherdogparser/parsers/EventParser.java,7cdb36280317caeaaa54db77c04dc4b4e1db053e,87,141,31,https://github.com/lamarios/sherdog-parser/blob/7cdb36280317caeaaa54db77c04dc4b4e1db053e/src/main/java/com/ftpix/sherdogparser/parsers/EventParser.java#L87-L141
7,lamarios/sherdog-parser,3,21,3236,FighterParser.getFights,src/main/java/com/ftpix/sherdogparser/parsers/FighterParser.java,7cdb36280317caeaaa54db77c04dc4b4e1db053e,256,289,27,https://github.com/lamarios/sherdog-parser/blob/7cdb36280317caeaaa54db77c04dc4b4e1db053e/src/main/java/com/ftpix/sherdogparser/parsers/FighterParser.java#L256-L289
7,lamarios/sherdog-parser,4,22,3237,EventParser.parseEventFights,src/main/java/com/ftpix/sherdogparser/parsers/EventParser.java,7cdb36280317caeaaa54db77c04dc4b4e1db053e,147,180,26,https://github.com/lamarios/sherdog-parser/blob/7cdb36280317caeaaa54db77c04dc4b4e1db053e/src/main/java/com/ftpix/sherdogparser/parsers/EventParser.java#L147-L180
8,geomajas/geomajas-project-server,1,23,3264,GetMapConfigurationCommand.securityClone,command/src/main/java/org/geomajas/command/configuration/GetMapConfigurationCommand.java,904b7d7deed1350d28955589098dd1e0a786d76e,140,149,50,https://github.com/geomajas/geomajas-project-server/blob/904b7d7deed1350d28955589098dd1e0a786d76e/command/src/main/java/org/geomajas/command/configuration/GetMapConfigurationCommand.java#L140-L149
8,geomajas/geomajas-project-server,2,24,3264,GetMapConfigurationCommand.securityClone,command/src/main/java/org/geomajas/command/configuration/GetMapConfigurationCommand.java,904b7d7deed1350d28955589098dd1e0a786d76e,174,204,50,https://github.com/geomajas/geomajas-project-server/blob/904b7d7deed1350d28955589098dd1e0a786d76e/command/src/main/java/org/geomajas/command/configuration/GetMapConfigurationCommand.java#L174-L204
8,geomajas/geomajas-project-server,3,25,3265,SearchByLocationCommand.execute,command/src/main/java/org/geomajas/command/feature/SearchByLocationCommand.java,904b7d7deed1350d28955589098dd1e0a786d76e,116,231,47,https://github.com/geomajas/geomajas-project-server/blob/904b7d7deed1350d28955589098dd1e0a786d76e/command/src/main/java/org/geomajas/command/feature/SearchByLocationCommand.java#L116-L231
8,geomajas/geomajas-project-server,4,26,3266,WmsLayer.paint,plugin/layer-wms/wms/src/main/java/org/geomajas/layer/wms/WmsLayer.java,904b7d7deed1350d28955589098dd1e0a786d76e,423,489,35,https://github.com/geomajas/geomajas-project-server/blob/904b7d7deed1350d28955589098dd1e0a786d76e/plugin/layer-wms/wms/src/main/java/org/geomajas/layer/wms/WmsLayer.java#L423-L489
9,drinkjava2/jBeanBox,1,27,3535,BeanBoxUtils.doCreateBeanBox,jbeanbox/src/main/java/com/github/drinkjava2/jbeanbox/BeanBoxUtils.java,01c216599ffa2e5f2d9c01df2adaad0f45567c04,78,212,50,https://github.com/drinkjava2/jBeanBox/blob/01c216599ffa2e5f2d9c01df2adaad0f45567c04/jbeanbox/src/main/java/com/github/drinkjava2/jbeanbox/BeanBoxUtils.java#L78-L212
9,drinkjava2/jBeanBox,2,28,3536,BeanBoxContext.getBeanFromBox,jbeanbox/src/main/java/com/github/drinkjava2/jbeanbox/BeanBoxContext.java,01c216599ffa2e5f2d9c01df2adaad0f45567c04,188,312,39,https://github.com/drinkjava2/jBeanBox/blob/01c216599ffa2e5f2d9c01df2adaad0f45567c04/jbeanbox/src/main/java/com/github/drinkjava2/jbeanbox/BeanBoxContext.java#L188-L312
9,drinkjava2/jBeanBox,3,29,3537,Analyzer.analyze,jbeanbox/src/main/java/com/github/drinkjava2/asm5_0_3/tree/analysis/Analyzer.java,01c216599ffa2e5f2d9c01df2adaad0f45567c04,106,303,37,https://github.com/drinkjava2/jBeanBox/blob/01c216599ffa2e5f2d9c01df2adaad0f45567c04/jbeanbox/src/main/java/com/github/drinkjava2/asm5_0_3/tree/analysis/Analyzer.java#L106-L303
10,structlogging/structlogger,1,30,3701,LogInvocationScanner.handleStructLogExpression,structlogger/src/main/java/com/github/structlogging/processor/LogInvocationScanner.java,1fcca4e962ef53cbdb94bd72cb556de7f5f9469f,186,342,50,https://github.com/structlogging/structlogger/blob/1fcca4e962ef53cbdb94bd72cb556de7f5f9469f/structlogger/src/main/java/com/github/structlogging/processor/LogInvocationScanner.java#L186-L342
10,structlogging/structlogger,2,31,3702,LogInvocationProcessor.checkVarContextProvider,structlogger/src/main/java/com/github/structlogging/processor/LogInvocationProcessor.java,1fcca4e962ef53cbdb94bd72cb556de7f5f9469f,179,329,35,https://github.com/structlogging/structlogger/blob/1fcca4e962ef53cbdb94bd72cb556de7f5f9469f/structlogger/src/main/java/com/github/structlogging/processor/LogInvocationProcessor.java#L179-L329
10,structlogging/structlogger,3,32,3703,LogInvocationProcessor.processStructLogExpressions,structlogger/src/main/java/com/github/structlogging/processor/LogInvocationProcessor.java,1fcca4e962ef53cbdb94bd72cb556de7f5f9469f,349,423,32,https://github.com/structlogging/structlogger/blob/1fcca4e962ef53cbdb94bd72cb556de7f5f9469f/structlogger/src/main/java/com/github/structlogging/processor/LogInvocationProcessor.java#L349-L423
11,mbeiter/util,1,33,3724,DataSourceFactory.getPoolingDataSource,db/src/main/java/org/beiter/michael/db/DataSourceFactory.java,490fcebecb936e00c2f2ce2096b679b2fd10865e,237,283,49,https://github.com/mbeiter/util/blob/490fcebecb936e00c2f2ce2096b679b2fd10865e/db/src/main/java/org/beiter/michael/db/DataSourceFactory.java#L237-L283
11,mbeiter/util,2,34,3725,MapBasedConnPropsBuilder.build,db/src/main/java/org/beiter/michael/db/propsbuilder/MapBasedConnPropsBuilder.java,490fcebecb936e00c2f2ce2096b679b2fd10865e,333,622,37,https://github.com/mbeiter/util/blob/490fcebecb936e00c2f2ce2096b679b2fd10865e/db/src/main/java/org/beiter/michael/db/propsbuilder/MapBasedConnPropsBuilder.java#L333-L622
11,mbeiter/util,3,35,3727,DataSourceFactory.getDataSource,db/src/main/java/org/beiter/michael/db/DataSourceFactory.java,490fcebecb936e00c2f2ce2096b679b2fd10865e,89,118,9,https://github.com/mbeiter/util/blob/490fcebecb936e00c2f2ce2096b679b2fd10865e/db/src/main/java/org/beiter/michael/db/DataSourceFactory.java#L89-L118
13,FedericoPecora/meta-csp-framework,1,39,3927,PlotBoxTLSmall.createChart,src/main/java/org/metacsp/utility/UI/PlotBoxTLSmall.java,42aaef2e2b76d0f738427f0dd9653c4f62b40517,205,293,43,https://github.com/FedericoPecora/meta-csp-framework/blob/42aaef2e2b76d0f738427f0dd9653c4f62b40517/src/main/java/org/metacsp/utility/UI/PlotBoxTLSmall.java#L205-L293
13,FedericoPecora/meta-csp-framework,2,40,3928,BooleanConstraint.createBooleanConstraints,src/main/java/org/metacsp/booleanSAT/BooleanConstraint.java,42aaef2e2b76d0f738427f0dd9653c4f62b40517,179,238,30,https://github.com/FedericoPecora/meta-csp-framework/blob/42aaef2e2b76d0f738427f0dd9653c4f62b40517/src/main/java/org/metacsp/booleanSAT/BooleanConstraint.java#L179-L238
13,FedericoPecora/meta-csp-framework,3,41,3929,TrajectoryEnvelopeScheduler.getCurrentDependencies,src/main/java/org/metacsp/meta/spatioTemporal/paths/TrajectoryEnvelopeScheduler.java,42aaef2e2b76d0f738427f0dd9653c4f62b40517,98,148,22,https://github.com/FedericoPecora/meta-csp-framework/blob/42aaef2e2b76d0f738427f0dd9653c4f62b40517/src/main/java/org/metacsp/meta/spatioTemporal/paths/TrajectoryEnvelopeScheduler.java#L98-L148
14,netscaler/nitro,1,42,4103,base_resource.delete_request,src/main/java/com/citrix/netscaler/nitro/resource/base/base_resource.java,2a98692dcf4e4ec430c7d7baab8382e4ba5a35e4,1180,1315,39,https://github.com/netscaler/nitro/blob/2a98692dcf4e4ec430c7d7baab8382e4ba5a35e4/src/main/java/com/citrix/netscaler/nitro/resource/base/base_resource.java#L1180-L1315
14,netscaler/nitro,2,43,4104,base_resource.get_request,src/main/java/com/citrix/netscaler/nitro/resource/base/base_resource.java,2a98692dcf4e4ec430c7d7baab8382e4ba5a35e4,896,1029,38,https://github.com/netscaler/nitro/blob/2a98692dcf4e4ec430c7d7baab8382e4ba5a35e4/src/main/java/com/citrix/netscaler/nitro/resource/base/base_resource.java#L896-L1029
14,netscaler/nitro,3,44,4105,base_resource._put,src/main/java/com/citrix/netscaler/nitro/resource/base/base_resource.java,2a98692dcf4e4ec430c7d7baab8382e4ba5a35e4,581,679,37,https://github.com/netscaler/nitro/blob/2a98692dcf4e4ec430c7d7baab8382e4ba5a35e4/src/main/java/com/citrix/netscaler/nitro/resource/base/base_resource.java#L581-L679
15,thorstenwagner/TraJ,1,45,6706,TrajectorySplineFit.calculateSpline,src/main/java/de/biomedical_imaging/traj/math/TrajectorySplineFit.java,505fafb1f2f77a2d67bb2a089a2fdebe2c9bc7cb,107,501,37,https://github.com/thorstenwagner/TraJ/blob/505fafb1f2f77a2d67bb2a089a2fdebe2c9bc7cb/src/main/java/de/biomedical_imaging/traj/math/TrajectorySplineFit.java#L107-L501
15,thorstenwagner/TraJ,2,46,6707,TrajectorySplineFitLegacy.calculateSpline,src/main/java/de/biomedical_imaging/traj/math/TrajectorySplineFitLegacy.java,505fafb1f2f77a2d67bb2a089a2fdebe2c9bc7cb,105,495,33,https://github.com/thorstenwagner/TraJ/blob/505fafb1f2f77a2d67bb2a089a2fdebe2c9bc7cb/src/main/java/de/biomedical_imaging/traj/math/TrajectorySplineFitLegacy.java#L105-L495
15,thorstenwagner/TraJ,3,47,6708,TrajectorySplineFit.showTrajectoryAndSpline,src/main/java/de/biomedical_imaging/traj/math/TrajectorySplineFit.java,505fafb1f2f77a2d67bb2a089a2fdebe2c9bc7cb,604,658,13,https://github.com/thorstenwagner/TraJ/blob/505fafb1f2f77a2d67bb2a089a2fdebe2c9bc7cb/src/main/java/de/biomedical_imaging/traj/math/TrajectorySplineFit.java#L604-L658
16,openengsb/openengsb,1,48,6741,EDBConverter.convertSubModel,components/ekb/common/src/main/java/org/openengsb/core/ekb/common/EDBConverter.java,d39058000707f617cd405629f9bc7f17da7b414a,359,459,35,https://github.com/openengsb/openengsb/blob/d39058000707f617cd405629f9bc7f17da7b414a/components/ekb/common/src/main/java/org/openengsb/core/ekb/common/EDBConverter.java#L359-L459
16,openengsb/openengsb,2,49,6742,EDBConverter.getValueForProperty,components/ekb/common/src/main/java/org/openengsb/core/ekb/common/EDBConverter.java,d39058000707f617cd405629f9bc7f17da7b414a,166,214,31,https://github.com/openengsb/openengsb/blob/d39058000707f617cd405629f9bc7f17da7b414a/components/ekb/common/src/main/java/org/openengsb/core/ekb/common/EDBConverter.java#L166-L214
16,openengsb/openengsb,3,50,6743,CommitConverter.convert,components/edbi/hook/src/main/java/org/openengsb/framework/edbi/hook/internal/CommitConverter.java,d39058000707f617cd405629f9bc7f17da7b414a,60,86,30,https://github.com/openengsb/openengsb/blob/d39058000707f617cd405629f9bc7f17da7b414a/components/edbi/hook/src/main/java/org/openengsb/framework/edbi/hook/internal/CommitConverter.java#L60-L86
17,ow2-chameleon/fuchsia,3,53,7115,ZWaveMultiInstanceCommandClass.handleMultiChannelCapabilityReportResponse,importers/zwave/src/main/java/org/ow2/chameleon/fuchsia/importer/zwave/internal/commandclass/ZWaveMultiInstanceCommandClass.java,4e9318eadbdeb945e529789f573b45386e619bed,295,384,29,https://github.com/ow2-chameleon/fuchsia/blob/4e9318eadbdeb945e529789f573b45386e619bed/importers/zwave/src/main/java/org/ow2/chameleon/fuchsia/importer/zwave/internal/commandclass/ZWaveMultiInstanceCommandClass.java#L295-L384
18,gsi-upm/BeastTool,1,54,7494,ReceiveCallPlan.body,beast-tutorial/src/main/java/beast/tutorial/jadex/agent/ReceiveCallPlan.java,cc7fdc75cb818c5d60802aaf32c27829e0ca144c,51,134,33,https://github.com/gsi-upm/BeastTool/blob/cc7fdc75cb818c5d60802aaf32c27829e0ca144c/beast-tutorial/src/main/java/beast/tutorial/jadex/agent/ReceiveCallPlan.java#L51-L134
18,gsi-upm/BeastTool,2,55,7495,SetupPlan.body,beast-tool/src/main/java/es/upm/dit/gsi/beast/mock/jadex/common/SetupPlan.java,cc7fdc75cb818c5d60802aaf32c27829e0ca144c,42,69,26,https://github.com/gsi-upm/BeastTool/blob/cc7fdc75cb818c5d60802aaf32c27829e0ca144c/beast-tool/src/main/java/es/upm/dit/gsi/beast/mock/jadex/common/SetupPlan.java#L42-L69
18,gsi-upm/BeastTool,3,56,7496,SystemReader.generateJavaFilesForOneStory,beast-tool/src/main/java/es/upm/dit/gsi/beast/reader/system/SystemReader.java,cc7fdc75cb818c5d60802aaf32c27829e0ca144c,123,293,21,https://github.com/gsi-upm/BeastTool/blob/cc7fdc75cb818c5d60802aaf32c27829e0ca144c/beast-tool/src/main/java/es/upm/dit/gsi/beast/reader/system/SystemReader.java#L123-L293
20,before/quality-check,1,60,7554,InterfaceAnalyzer.analyze,modules/quality-immutable-object/src/main/java/net/sf/qualitycheck/immutableobject/generator/InterfaceAnalyzer.java,a75c32c39434ddb1f89bece57acae0536724c15a,47,65,27,https://github.com/before/quality-check/blob/a75c32c39434ddb1f89bece57acae0536724c15a/modules/quality-immutable-object/src/main/java/net/sf/qualitycheck/immutableobject/generator/InterfaceAnalyzer.java#L47-L65
20,before/quality-check,2,61,7555,ImmutableObjectGenerator.generate,modules/quality-immutable-object/src/main/java/net/sf/qualitycheck/immutableobject/generator/ImmutableObjectGenerator.java,a75c32c39434ddb1f89bece57acae0536724c15a,109,128,23,https://github.com/before/quality-check/blob/a75c32c39434ddb1f89bece57acae0536724c15a/modules/quality-immutable-object/src/main/java/net/sf/qualitycheck/immutableobject/generator/ImmutableObjectGenerator.java#L109-L128
20,before/quality-check,3,62,7556,Check.checkNumberInRange,modules/quality-check/src/main/java/net/sf/qualitycheck/Check.java,a75c32c39434ddb1f89bece57acae0536724c15a,98,132,16,https://github.com/before/quality-check/blob/a75c32c39434ddb1f89bece57acae0536724c15a/modules/quality-check/src/main/java/net/sf/qualitycheck/Check.java#L98-L132
20,before/quality-check,4,63,7557,MethodUtil.determineAccessorName,modules/quality-immutable-object/src/main/java/net/sf/qualitycheck/immutableobject/util/MethodUtil.java,a75c32c39434ddb1f89bece57acae0536724c15a,41,48,11,https://github.com/before/quality-check/blob/a75c32c39434ddb1f89bece57acae0536724c15a/modules/quality-immutable-object/src/main/java/net/sf/qualitycheck/immutableobject/util/MethodUtil.java#L41-L48
21,RestComm/cluster,1,64,7672,DefaultMobicentsCluster.onViewChangeEvent,core/src/main/java/org/restcomm/cluster/DefaultMobicentsCluster.java,46bff5e9ae89528ccc7b43ba50a0de5b96913e6f,166,216,27,https://github.com/RestComm/cluster/blob/46bff5e9ae89528ccc7b43ba50a0de5b96913e6f/core/src/main/java/org/restcomm/cluster/DefaultMobicentsCluster.java#L166-L216
21,RestComm/cluster,2,65,7673,SetTimerAfterTxCommitRunnable.run,timers/src/main/java/org/restcomm/timers/SetTimerAfterTxCommitRunnable.java,46bff5e9ae89528ccc7b43ba50a0de5b96913e6f,62,113,18,https://github.com/RestComm/cluster/blob/46bff5e9ae89528ccc7b43ba50a0de5b96913e6f/timers/src/main/java/org/restcomm/timers/SetTimerAfterTxCommitRunnable.java#L62-L113
21,RestComm/cluster,3,66,7674,FaultTolerantScheduler.cancel,timers/src/main/java/org/restcomm/timers/FaultTolerantScheduler.java,46bff5e9ae89528ccc7b43ba50a0de5b96913e6f,326,394,15,https://github.com/RestComm/cluster/blob/46bff5e9ae89528ccc7b43ba50a0de5b96913e6f/timers/src/main/java/org/restcomm/timers/FaultTolerantScheduler.java#L326-L394
22,jeppetto/jeppetto,1,67,7698,MongoDBCallback.deriveClass1,jeppetto-dao-mongo/src/main/java/org/iternine/jeppetto/dao/mongodb/enhance/MongoDBCallback.java,bd2796dcf53376052f590e727931990a2902a933,212,287,26,https://github.com/jeppetto/jeppetto/blob/bd2796dcf53376052f590e727931990a2902a933/jeppetto-dao-mongo/src/main/java/org/iternine/jeppetto/dao/mongodb/enhance/MongoDBCallback.java#L212-L287
22,jeppetto/jeppetto,2,68,7699,VelocityEnhancer.enhanceClass,jeppetto-enhance/src/main/java/org/iternine/jeppetto/enhance/VelocityEnhancer.java,bd2796dcf53376052f590e727931990a2902a933,97,136,24,https://github.com/jeppetto/jeppetto/blob/bd2796dcf53376052f590e727931990a2902a933/jeppetto-enhance/src/main/java/org/iternine/jeppetto/enhance/VelocityEnhancer.java#L97-L136
22,jeppetto/jeppetto,3,69,7700,DynamoDBQueryModelDAO.processIndexes,jeppetto-dao-dynamodb/src/main/java/org/iternine/jeppetto/dao/dynamodb/DynamoDBQueryModelDAO.java,bd2796dcf53376052f590e727931990a2902a933,544,620,22,https://github.com/jeppetto/jeppetto/blob/bd2796dcf53376052f590e727931990a2902a933/jeppetto-dao-dynamodb/src/main/java/org/iternine/jeppetto/dao/dynamodb/DynamoDBQueryModelDAO.java#L544-L620
23,usc/wechat-mp-sdk,1,70,7777,MediaUtil.uploadMedia,wechat-mp-sdk/src/main/java/org/usc/wechat/mp/sdk/util/platform/MediaUtil.java,39d9574a8e3ffa3b61f88b4bef534d93645a825f,43,77,26,https://github.com/usc/wechat-mp-sdk/blob/39d9574a8e3ffa3b61f88b4bef534d93645a825f/wechat-mp-sdk/src/main/java/org/usc/wechat/mp/sdk/util/platform/MediaUtil.java#L43-L77
23,usc/wechat-mp-sdk,2,71,7778,XmlUtil.unmarshal,wechat-mp-sdk/src/main/java/org/usc/wechat/mp/sdk/util/XmlUtil.java,39d9574a8e3ffa3b61f88b4bef534d93645a825f,37,48,9,https://github.com/usc/wechat-mp-sdk/blob/39d9574a8e3ffa3b61f88b4bef534d93645a825f/wechat-mp-sdk/src/main/java/org/usc/wechat/mp/sdk/util/XmlUtil.java#L37-L48
23,usc/wechat-mp-sdk,3,72,7779,AccessServlet.doGet,wechat-mp-web/src/main/java/org/usc/wechat/mp/web/servlet/AccessServlet.java,39d9574a8e3ffa3b61f88b4bef534d93645a825f,42,57,8,https://github.com/usc/wechat-mp-sdk/blob/39d9574a8e3ffa3b61f88b4bef534d93645a825f/wechat-mp-web/src/main/java/org/usc/wechat/mp/web/servlet/AccessServlet.java#L42-L57
24,isisaddons-legacy/isis-module-excel,1,73,7790,ExcelModuleDemoToDoItemBulkUpdateLineItem.apply,fixture/src/main/java/org/isisaddons/module/excel/fixture/app/ExcelModuleDemoToDoItemBulkUpdateLineItem.java,a3b92b1797ab2ed609667933d4164e9fb54b9f25,226,258,24,https://github.com/isisaddons-legacy/isis-module-excel/blob/a3b92b1797ab2ed609667933d4164e9fb54b9f25/fixture/src/main/java/org/isisaddons/module/excel/fixture/app/ExcelModuleDemoToDoItemBulkUpdateLineItem.java#L226-L258
24,isisaddons-legacy/isis-module-excel,2,74,7791,ExcelConverter.appendSheet,dom/src/main/java/org/isisaddons/module/excel/dom/util/ExcelConverter.java,a3b92b1797ab2ed609667933d4164e9fb54b9f25,115,145,23,https://github.com/isisaddons-legacy/isis-module-excel/blob/a3b92b1797ab2ed609667933d4164e9fb54b9f25/dom/src/main/java/org/isisaddons/module/excel/dom/util/ExcelConverter.java#L115-L145
24,isisaddons-legacy/isis-module-excel,3,75,7792,SheetPivoter.pivot,dom/src/main/java/org/isisaddons/module/excel/dom/util/SheetPivoter.java,a3b92b1797ab2ed609667933d4164e9fb54b9f25,116,130,11,https://github.com/isisaddons-legacy/isis-module-excel/blob/a3b92b1797ab2ed609667933d4164e9fb54b9f25/dom/src/main/java/org/isisaddons/module/excel/dom/util/SheetPivoter.java#L116-L130
24,isisaddons-legacy/isis-module-excel,4,76,7793,ExcelModuleDemoToDoItemBulkUpdateManager.getToDoItems,fixture/src/main/java/org/isisaddons/module/excel/fixture/app/ExcelModuleDemoToDoItemBulkUpdateManager.java,a3b92b1797ab2ed609667933d4164e9fb54b9f25,142,150,11,https://github.com/isisaddons-legacy/isis-module-excel/blob/a3b92b1797ab2ed609667933d4164e9fb54b9f25/fixture/src/main/java/org/isisaddons/module/excel/fixture/app/ExcelModuleDemoToDoItemBulkUpdateManager.java#L142-L150
25,yyuu/jetty-nosql-memcached,1,77,7811,KeyValueStoreSessionManager.refresh,jetty-nosql-kvs/src/main/java/org/eclipse/jetty/nosql/kvs/KeyValueStoreSessionManager.java,59014ef90490ec6de5609eca979e98ec60ee78d3,191,278,24,https://github.com/yyuu/jetty-nosql-memcached/blob/59014ef90490ec6de5609eca979e98ec60ee78d3/jetty-nosql-kvs/src/main/java/org/eclipse/jetty/nosql/kvs/KeyValueStoreSessionManager.java#L191-L278
25,yyuu/jetty-nosql-memcached,2,78,7812,KeyValueStoreSessionManager.loadSession,jetty-nosql-kvs/src/main/java/org/eclipse/jetty/nosql/kvs/KeyValueStoreSessionManager.java,59014ef90490ec6de5609eca979e98ec60ee78d3,294,370,21,https://github.com/yyuu/jetty-nosql-memcached/blob/59014ef90490ec6de5609eca979e98ec60ee78d3/jetty-nosql-kvs/src/main/java/org/eclipse/jetty/nosql/kvs/KeyValueStoreSessionManager.java#L294-L370
25,yyuu/jetty-nosql-memcached,3,79,7813,KeyValueStoreSessionManager.save,jetty-nosql-kvs/src/main/java/org/eclipse/jetty/nosql/kvs/KeyValueStoreSessionManager.java,59014ef90490ec6de5609eca979e98ec60ee78d3,133,188,17,https://github.com/yyuu/jetty-nosql-memcached/blob/59014ef90490ec6de5609eca979e98ec60ee78d3/jetty-nosql-kvs/src/main/java/org/eclipse/jetty/nosql/kvs/KeyValueStoreSessionManager.java#L133-L188
26,deephacks/confit,1,80,7822,DefaultCacheValueSerializer.setProperties,provider-cached/src/main/java/org/deephacks/confit/internal/cached/DefaultCacheValueSerializer.java,4e6d4ee5fed32cbc5104433e61de1bcf1b360832,371,578,23,https://github.com/deephacks/confit/blob/4e6d4ee5fed32cbc5104433e61de1bcf1b360832/provider-cached/src/main/java/org/deephacks/confit/internal/cached/DefaultCacheValueSerializer.java#L371-L578
26,deephacks/confit,2,81,7823,HBeanTable.getLazy,provider-hbase/src/main/java/org/deephacks/confit/internal/hbase/HBeanTable.java,4e6d4ee5fed32cbc5104433e61de1bcf1b360832,159,189,19,https://github.com/deephacks/confit/blob/4e6d4ee5fed32cbc5104433e61de1bcf1b360832/provider-hbase/src/main/java/org/deephacks/confit/internal/hbase/HBeanTable.java#L159-L189
26,deephacks/confit,3,82,7824,HBeanTable.scan,provider-hbase/src/main/java/org/deephacks/confit/internal/hbase/HBeanTable.java,4e6d4ee5fed32cbc5104433e61de1bcf1b360832,301,329,19,https://github.com/deephacks/confit/blob/4e6d4ee5fed32cbc5104433e61de1bcf1b360832/provider-hbase/src/main/java/org/deephacks/confit/internal/hbase/HBeanTable.java#L301-L329
26,deephacks/confit,4,83,7825,HBeanTable.listLazy,provider-hbase/src/main/java/org/deephacks/confit/internal/hbase/HBeanTable.java,4e6d4ee5fed32cbc5104433e61de1bcf1b360832,115,143,17,https://github.com/deephacks/confit/blob/4e6d4ee5fed32cbc5104433e61de1bcf1b360832/provider-hbase/src/main/java/org/deephacks/confit/internal/hbase/HBeanTable.java#L115-L143
27,aerogear/aerogear-android-pipe,1,84,7964,RestAdapter.computePagedList,library/src/main/java/org/jboss/aerogear/android/pipe/rest/RestAdapter.java,ac747965c2d06d6ad46dd8abfbabf3d793f06fa5,315,365,23,https://github.com/aerogear/aerogear-android-pipe/blob/ac747965c2d06d6ad46dd8abfbabf3d793f06fa5/library/src/main/java/org/jboss/aerogear/android/pipe/rest/RestAdapter.java#L315-L365
27,aerogear/aerogear-android-pipe,2,85,7965,RestRunner.loadAuth,library/src/main/java/org/jboss/aerogear/android/pipe/rest/RestRunner.java,ac747965c2d06d6ad46dd8abfbabf3d793f06fa5,205,227,9,https://github.com/aerogear/aerogear-android-pipe/blob/ac747965c2d06d6ad46dd8abfbabf3d793f06fa5/library/src/main/java/org/jboss/aerogear/android/pipe/rest/RestRunner.java#L205-L227
27,aerogear/aerogear-android-pipe,3,86,7966,RestAdapter.remove,library/src/main/java/org/jboss/aerogear/android/pipe/rest/RestAdapter.java,ac747965c2d06d6ad46dd8abfbabf3d793f06fa5,263,284,6,https://github.com/aerogear/aerogear-android-pipe/blob/ac747965c2d06d6ad46dd8abfbabf3d793f06fa5/library/src/main/java/org/jboss/aerogear/android/pipe/rest/RestAdapter.java#L263-L284
27,aerogear/aerogear-android-pipe,4,87,7967,HttpRestProvider.get,library/src/main/java/org/jboss/aerogear/android/pipe/http/HttpRestProvider.java,ac747965c2d06d6ad46dd8abfbabf3d793f06fa5,112,127,5,https://github.com/aerogear/aerogear-android-pipe/blob/ac747965c2d06d6ad46dd8abfbabf3d793f06fa5/library/src/main/java/org/jboss/aerogear/android/pipe/http/HttpRestProvider.java#L112-L127
28,mguymon/naether,1,88,7974,RepositoryClient.newRepositorySystem,src/main/java/com/tobedevoured/naether/repo/RepositoryClient.java,218d8fd36c0b8b6e16d66e5715975570b4560ec4,144,162,22,https://github.com/mguymon/naether/blob/218d8fd36c0b8b6e16d66e5715975570b4560ec4/src/main/java/com/tobedevoured/naether/repo/RepositoryClient.java#L144-L162
28,mguymon/naether,2,89,7975,NaetherImpl.downloadArtifacts,src/main/java/com/tobedevoured/naether/impl/NaetherImpl.java,218d8fd36c0b8b6e16d66e5715975570b4560ec4,672,717,17,https://github.com/mguymon/naether/blob/218d8fd36c0b8b6e16d66e5715975570b4560ec4/src/main/java/com/tobedevoured/naether/impl/NaetherImpl.java#L672-L717
28,mguymon/naether,3,90,7976,Project.loadPOM,src/main/java/com/tobedevoured/naether/maven/Project.java,218d8fd36c0b8b6e16d66e5715975570b4560ec4,132,148,16,https://github.com/mguymon/naether/blob/218d8fd36c0b8b6e16d66e5715975570b4560ec4/src/main/java/com/tobedevoured/naether/maven/Project.java#L132-L148
28,mguymon/naether,4,91,7977,Notation.getLocalPaths,src/main/java/com/tobedevoured/naether/util/Notation.java,218d8fd36c0b8b6e16d66e5715975570b4560ec4,211,233,15,https://github.com/mguymon/naether/blob/218d8fd36c0b8b6e16d66e5715975570b4560ec4/src/main/java/com/tobedevoured/naether/util/Notation.java#L211-L233
28,mguymon/naether,5,92,7978,NaetherImpl.deployArtifact,src/main/java/com/tobedevoured/naether/impl/NaetherImpl.java,218d8fd36c0b8b6e16d66e5715975570b4560ec4,474,493,13,https://github.com/mguymon/naether/blob/218d8fd36c0b8b6e16d66e5715975570b4560ec4/src/main/java/com/tobedevoured/naether/impl/NaetherImpl.java#L474-L493
29,matthewhorridge/owlexplanation,1,93,8030,BlackBoxExplanationGenerator2.computeExplanation,src/main/java/org/semanticweb/owl/explanation/impl/blackbox/BlackBoxExplanationGenerator2.java,439c5ca67835f5e421adde725e4e8a3bcd760ac8,161,224,22,https://github.com/matthewhorridge/owlexplanation/blob/439c5ca67835f5e421adde725e4e8a3bcd760ac8/src/main/java/org/semanticweb/owl/explanation/impl/blackbox/BlackBoxExplanationGenerator2.java#L161-L224
29,matthewhorridge/owlexplanation,2,94,8031,LaconicExplanationGenerator.getReconstitutedLaconicJustifications,src/main/java/org/semanticweb/owl/explanation/impl/laconic/LaconicExplanationGenerator.java,439c5ca67835f5e421adde725e4e8a3bcd760ac8,346,423,19,https://github.com/matthewhorridge/owlexplanation/blob/439c5ca67835f5e421adde725e4e8a3bcd760ac8/src/main/java/org/semanticweb/owl/explanation/impl/laconic/LaconicExplanationGenerator.java#L346-L423
29,matthewhorridge/owlexplanation,3,95,8032,CompleteRootDerivedReasoner.getRootUnsatisfiableClasses,src/main/java/org/semanticweb/owl/explanation/impl/rootderived/CompleteRootDerivedReasoner.java,439c5ca67835f5e421adde725e4e8a3bcd760ac8,67,127,15,https://github.com/matthewhorridge/owlexplanation/blob/439c5ca67835f5e421adde725e4e8a3bcd760ac8/src/main/java/org/semanticweb/owl/explanation/impl/rootderived/CompleteRootDerivedReasoner.java#L67-L127
29,matthewhorridge/owlexplanation,4,96,8033,Explanation.store,src/main/java/org/semanticweb/owl/explanation/api/Explanation.java,439c5ca67835f5e421adde725e4e8a3bcd760ac8,186,203,15,https://github.com/matthewhorridge/owlexplanation/blob/439c5ca67835f5e421adde725e4e8a3bcd760ac8/src/main/java/org/semanticweb/owl/explanation/api/Explanation.java#L186-L203
29,matthewhorridge/owlexplanation,5,97,8034,BlackBoxExplanationGenerator.constructHittingSetTree,src/main/java/org/semanticweb/owl/explanation/impl/blackbox/BlackBoxExplanationGenerator.java,439c5ca67835f5e421adde725e4e8a3bcd760ac8,329,422,15,https://github.com/matthewhorridge/owlexplanation/blob/439c5ca67835f5e421adde725e4e8a3bcd760ac8/src/main/java/org/semanticweb/owl/explanation/impl/blackbox/BlackBoxExplanationGenerator.java#L329-L422
29,matthewhorridge/owlexplanation,6,98,8035,LaconicExplanationGenerator.computePreciseJustsOptimised,src/main/java/org/semanticweb/owl/explanation/impl/laconic/LaconicExplanationGenerator.java,439c5ca67835f5e421adde725e4e8a3bcd760ac8,183,319,12,https://github.com/matthewhorridge/owlexplanation/blob/439c5ca67835f5e421adde725e4e8a3bcd760ac8/src/main/java/org/semanticweb/owl/explanation/impl/laconic/LaconicExplanationGenerator.java#L183-L319
30,foundation-runtime/logging,1,99,8055,FoundationLoggingDispatcher.run,logging-log4j/src/main/java/com/cisco/oss/foundation/logging/FoundationLoggingDispatcher.java,cd0a07b3c5b458ecf90ab92a1e0c72a067f5cbd6,75,159,21,https://github.com/foundation-runtime/logging/blob/cd0a07b3c5b458ecf90ab92a1e0c72a067f5cbd6/logging-log4j/src/main/java/com/cisco/oss/foundation/logging/FoundationLoggingDispatcher.java#L75-L159
30,foundation-runtime/logging,2,100,8056,FoundationRollEventListener.logState,logging-log4j/src/main/java/com/cisco/oss/foundation/logging/appender/FoundationRollEventListener.java,cd0a07b3c5b458ecf90ab92a1e0c72a067f5cbd6,48,81,18,https://github.com/foundation-runtime/logging/blob/cd0a07b3c5b458ecf90ab92a1e0c72a067f5cbd6/logging-log4j/src/main/java/com/cisco/oss/foundation/logging/appender/FoundationRollEventListener.java#L48-L81
30,foundation-runtime/logging,3,101,8057,FoundationLogger.init,logging-log4j/src/main/java/com/cisco/oss/foundation/logging/FoundationLogger.java,cd0a07b3c5b458ecf90ab92a1e0c72a067f5cbd6,101,158,16,https://github.com/foundation-runtime/logging/blob/cd0a07b3c5b458ecf90ab92a1e0c72a067f5cbd6/logging-log4j/src/main/java/com/cisco/oss/foundation/logging/FoundationLogger.java#L101-L158
30,foundation-runtime/logging,4,102,8058,AbstractFoundationLoggingMarker.scanClassPathForFormattingAnnotations,logging-api/src/main/java/com/cisco/oss/foundation/logging/structured/AbstractFoundationLoggingMarker.java,cd0a07b3c5b458ecf90ab92a1e0c72a067f5cbd6,544,606,15,https://github.com/foundation-runtime/logging/blob/cd0a07b3c5b458ecf90ab92a1e0c72a067f5cbd6/logging-api/src/main/java/com/cisco/oss/foundation/logging/structured/AbstractFoundationLoggingMarker.java#L544-L606
30,foundation-runtime/logging,5,103,8059,FoundationLogger.updateSniffingLoggersLevel,logging-log4j/src/main/java/com/cisco/oss/foundation/logging/FoundationLogger.java,cd0a07b3c5b458ecf90ab92a1e0c72a067f5cbd6,348,375,15,https://github.com/foundation-runtime/logging/blob/cd0a07b3c5b458ecf90ab92a1e0c72a067f5cbd6/logging-log4j/src/main/java/com/cisco/oss/foundation/logging/FoundationLogger.java#L348-L375
30,foundation-runtime/logging,6,104,8060,FoundationHierarchyEventListener.addAppenderEvent,logging-log4j/src/main/java/com/cisco/oss/foundation/logging/FoundationHierarchyEventListener.java,cd0a07b3c5b458ecf90ab92a1e0c72a067f5cbd6,55,116,14,https://github.com/foundation-runtime/logging/blob/cd0a07b3c5b458ecf90ab92a1e0c72a067f5cbd6/logging-log4j/src/main/java/com/cisco/oss/foundation/logging/FoundationHierarchyEventListener.java#L55-L116
30,foundation-runtime/logging,7,105,8061,TransactionLogger.addPropertiesProcessingTime,logging-api/src/main/java/com/cisco/oss/foundation/logging/transactions/TransactionLogger.java,cd0a07b3c5b458ecf90ab92a1e0c72a067f5cbd6,324,349,12,https://github.com/foundation-runtime/logging/blob/cd0a07b3c5b458ecf90ab92a1e0c72a067f5cbd6/logging-api/src/main/java/com/cisco/oss/foundation/logging/transactions/TransactionLogger.java#L324-L349
30,foundation-runtime/logging,8,106,8062,FoundationFileRollingAppender.activateOptions,logging-log4j/src/main/java/com/cisco/oss/foundation/logging/appender/FoundationFileRollingAppender.java,cd0a07b3c5b458ecf90ab92a1e0c72a067f5cbd6,317,349,11,https://github.com/foundation-runtime/logging/blob/cd0a07b3c5b458ecf90ab92a1e0c72a067f5cbd6/logging-log4j/src/main/java/com/cisco/oss/foundation/logging/appender/FoundationFileRollingAppender.java#L317-L349
31,jbossws/jbossws-common-tools,1,107,8139,InstallModulesTask.execute,src/main/java/org/jboss/ws/tools/ant/InstallModulesTask.java,d05ad85663d706e5f0d634f2f8ca6665a6147b3e,51,99,21,https://github.com/jbossws/jbossws-common-tools/blob/d05ad85663d706e5f0d634f2f8ca6665a6147b3e/src/main/java/org/jboss/ws/tools/ant/InstallModulesTask.java#L51-L99
31,jbossws/jbossws-common-tools,2,108,8140,SecurityActions.setContextClassLoader,src/main/java/org/jboss/ws/tools/ant/SecurityActions.java,d05ad85663d706e5f0d634f2f8ca6665a6147b3e,68,111,6,https://github.com/jbossws/jbossws-common-tools/blob/d05ad85663d706e5f0d634f2f8ca6665a6147b3e/src/main/java/org/jboss/ws/tools/ant/SecurityActions.java#L68-L111
31,jbossws/jbossws-common-tools,3,109,8141,Log4jOutputStream.flush,src/main/java/org/jboss/ws/tools/cmd/Log4jOutputStream.java,d05ad85663d706e5f0d634f2f8ca6665a6147b3e,186,211,5,https://github.com/jbossws/jbossws-common-tools/blob/d05ad85663d706e5f0d634f2f8ca6665a6147b3e/src/main/java/org/jboss/ws/tools/cmd/Log4jOutputStream.java#L186-L211
