method_identity,repository_index,method_number,global_method_number,repository,function_name,source_file,commit,corpus_lcom,repository_lcom4,lcom4_status,declaring_type,class_method_count,class_field_count,source_path,diagnostic
1:1,1,1,1,meertensinstituut/mtas,CodecCollector.collectSpansPositionsAndTokens,src/main/java/mtas/codec/util/CodecCollector.java,f02ae730848616bd88b553efa7f9eddc32818e64,1.026000,2.000000,RESOLVED,CodecCollector,40,1,d:\RESULTS_REP\RepositoryContextEvaluationFramework__\analysis-input\repository-cache\repo1\src\main\java\mtas\codec\util\CodecCollector.java,
1:2,1,2,2,meertensinstituut/mtas,MtasXMLParser.createTokenCollection,src/main/java/mtas/analysis/parser/MtasXMLParser.java,f02ae730848616bd88b553efa7f9eddc32818e64,0.995000,1.000000,RESOLVED,MtasXMLParser,8,28,d:\RESULTS_REP\RepositoryContextEvaluationFramework__\analysis-input\repository-cache\repo1\src\main\java\mtas\analysis\parser\MtasXMLParser.java,
1:3,1,3,3,meertensinstituut/mtas,MtasSolrComponentTermvector.distributedProcessMissingTop,src/main/java/mtas/solr/handler/component/util/MtasSolrComponentTermvector.java,f02ae730848616bd88b553efa7f9eddc32818e64,0.721000,1.000000,RESOLVED,MtasSolrComponentTermvector,9,34,d:\RESULTS_REP\RepositoryContextEvaluationFramework__\analysis-input\repository-cache\repo1\src\main\java\mtas\solr\handler\component\util\MtasSolrComponentTermvector.java,
2:1,2,1,657,kuali/ojb-1.0.4,RepositoryXmlHandler.startElement,src/java/org/apache/ojb/broker/metadata/RepositoryXmlHandler.java,9a544372f67ce965f662cdc71609dd03683c8f04,0.949000,1.000000,RESOLVED,RepositoryXmlHandler,10,13,d:\RESULTS_REP\RepositoryContextEvaluationFramework__\analysis-input\repository-cache\repo2\src\java\org\apache\ojb\broker\metadata\RepositoryXmlHandler.java,
2:2,2,2,658,kuali/ojb-1.0.4,ConnectionDescriptorXmlHandler.startElement,src/java/org/apache/ojb/broker/metadata/ConnectionDescriptorXmlHandler.java,9a544372f67ce965f662cdc71609dd03683c8f04,1.016000,1.000000,RESOLVED,ConnectionDescriptorXmlHandler,9,8,d:\RESULTS_REP\RepositoryContextEvaluationFramework__\analysis-input\repository-cache\repo2\src\java\org\apache\ojb\broker\metadata\ConnectionDescriptorXmlHandler.java,
2:3,2,3,661,kuali/ojb-1.0.4,QueryReferenceBroker.getCollectionByQuery,src/java/org/apache/ojb/broker/core/QueryReferenceBroker.java,9a544372f67ce965f662cdc71609dd03683c8f04,0.948000,2.000000,RESOLVED,QueryReferenceBroker,25,8,d:\RESULTS_REP\RepositoryContextEvaluationFramework__\analysis-input\repository-cache\repo2\src\java\org\apache\ojb\broker\core\QueryReferenceBroker.java,
3:1,3,1,1898,PeterisP/LVTagger,NERFeatureFactory.featuresC,src/main/java/edu/stanford/nlp/ie/NERFeatureFactory.java,b3d44bab9ec07ace0d13612c448a6b7298c1f681,1.012000,3.000000,RESOLVED,NERFeatureFactory,34,13,d:\RESULTS_REP\RepositoryContextEvaluationFramework__\analysis-input\repository-cache\repo3\src\main\java\edu\stanford\nlp\ie\NERFeatureFactory.java,
3:2,3,2,1899,PeterisP/LVTagger,TreePrint.printTreeInternal,src/main/java/edu/stanford/nlp/trees/TreePrint.java,b3d44bab9ec07ace0d13612c448a6b7298c1f681,0.982000,1.000000,RESOLVED,TreePrint,20,24,d:\RESULTS_REP\RepositoryContextEvaluationFramework__\analysis-input\repository-cache\repo3\src\main\java\edu\stanford\nlp\trees\TreePrint.java,
3:3,3,3,1900,PeterisP/LVTagger,CRFClassifier.train,src/main/java/edu/stanford/nlp/ie/crf/CRFClassifier.java,b3d44bab9ec07ace0d13612c448a6b7298c1f681,0.868000,12.000000,RESOLVED,CRFClassifier,58,6,d:\RESULTS_REP\RepositoryContextEvaluationFramework__\analysis-input\repository-cache\repo3\src\main\java\edu\stanford\nlp\ie\crf\CRFClassifier.java,
4:1,4,1,3097,mojohaus/mrm,MockArtifactStore.getMetadata,mrm-servlet/src/main/java/org/codehaus/mojo/mrm/impl/maven/MockArtifactStore.java,ecbe54a1866f210c10bf2e9274b63d4804d6a151,1.031000,2.000000,RESOLVED,MockArtifactStore,14,5,d:\RESULTS_REP\RepositoryContextEvaluationFramework__\analysis-input\repository-cache\repo4\mrm-servlet\src\main\java\org\codehaus\mojo\mrm\impl\maven\MockArtifactStore.java,
4:2,4,2,3098,mojohaus/mrm,FileSystemServlet.doGet,mrm-servlet/src/main/java/org/codehaus/mojo/mrm/servlet/FileSystemServlet.java,ecbe54a1866f210c10bf2e9274b63d4804d6a151,0.917000,1.000000,RESOLVED,FileSystemServlet,4,4,d:\RESULTS_REP\RepositoryContextEvaluationFramework__\analysis-input\repository-cache\repo4\mrm-servlet\src\main\java\org\codehaus\mojo\mrm\servlet\FileSystemServlet.java,
4:3,4,3,3099,mojohaus/mrm,CompositeArtifactStore.getMetadata,mrm-servlet/src/main/java/org/codehaus/mojo/mrm/impl/maven/CompositeArtifactStore.java,ecbe54a1866f210c10bf2e9274b63d4804d6a151,0.091000,2.000000,RESOLVED,CompositeArtifactStore,12,1,d:\RESULTS_REP\RepositoryContextEvaluationFramework__\analysis-input\repository-cache\repo4\mrm-servlet\src\main\java\org\codehaus\mojo\mrm\impl\maven\CompositeArtifactStore.java,
5:1,5,1,3199,biouno/pbs-java-api,QstatJobsParser.parse,src/main/java/com/tupilabs/pbs/parser/QstatJobsParser.java,f6dd96ab59ff5ac394e193a2bbc224cc611b92cb,,1.000000,RESOLVED,QstatJobsParser,1,4,d:\RESULTS_REP\RepositoryContextEvaluationFramework__\analysis-input\repository-cache\repo5\src\main\java\com\tupilabs\pbs\parser\QstatJobsParser.java,
5:2,5,2,3200,biouno/pbs-java-api,QstatQueuesParser.parse,src/main/java/com/tupilabs/pbs/parser/QstatQueuesParser.java,f6dd96ab59ff5ac394e193a2bbc224cc611b92cb,,1.000000,RESOLVED,QstatQueuesParser,1,4,d:\RESULTS_REP\RepositoryContextEvaluationFramework__\analysis-input\repository-cache\repo5\src\main\java\com\tupilabs\pbs\parser\QstatQueuesParser.java,
5:3,5,3,3201,biouno/pbs-java-api,PBS.qsub,src/main/java/com/tupilabs/pbs/PBS.java,f6dd96ab59ff5ac394e193a2bbc224cc611b92cb,0.932000,1.000000,RESOLVED,PBS,21,17,d:\RESULTS_REP\RepositoryContextEvaluationFramework__\analysis-input\repository-cache\repo5\src\main\java\com\tupilabs\pbs\PBS.java,
6:1,6,1,3213,teknux-org/jetty-bootstrap,JettyBootstrap.createConnectors,jetty-bootstrap/src/main/java/org/teknux/jettybootstrap/JettyBootstrap.java,c16e710b833084c650fce35aa8c1ccaf83cd93ef,0.978000,2.000000,RESOLVED,JettyBootstrap,24,12,d:\RESULTS_REP\RepositoryContextEvaluationFramework__\analysis-input\repository-cache\repo6\jetty-bootstrap\src\main\java\org\teknux\jettybootstrap\JettyBootstrap.java,
6:2,6,2,3214,teknux-org/jetty-bootstrap,JettyBootstrap.getInitializedConfiguration,jetty-bootstrap/src/main/java/org/teknux/jettybootstrap/JettyBootstrap.java,c16e710b833084c650fce35aa8c1ccaf83cd93ef,0.978000,2.000000,RESOLVED,JettyBootstrap,24,12,d:\RESULTS_REP\RepositoryContextEvaluationFramework__\analysis-input\repository-cache\repo6\jetty-bootstrap\src\main\java\org\teknux\jettybootstrap\JettyBootstrap.java,
7:1,7,1,3234,lamarios/sherdog-parser,FighterParser.parseDocument,src/main/java/com/ftpix/sherdogparser/parsers/FighterParser.java,7cdb36280317caeaaa54db77c04dc4b4e1db053e,1.024000,2.000000,RESOLVED,FighterParser,10,14,d:\RESULTS_REP\RepositoryContextEvaluationFramework__\analysis-input\repository-cache\repo7\src\main\java\com\ftpix\sherdogparser\parsers\FighterParser.java,
7:2,7,2,3235,lamarios/sherdog-parser,EventParser.getFights,src/main/java/com/ftpix/sherdogparser/parsers/EventParser.java,7cdb36280317caeaaa54db77c04dc4b4e1db053e,1.020000,1.000000,RESOLVED,EventParser,8,7,d:\RESULTS_REP\RepositoryContextEvaluationFramework__\analysis-input\repository-cache\repo7\src\main\java\com\ftpix\sherdogparser\parsers\EventParser.java,
7:3,7,3,3236,lamarios/sherdog-parser,FighterParser.getFights,src/main/java/com/ftpix/sherdogparser/parsers/FighterParser.java,7cdb36280317caeaaa54db77c04dc4b4e1db053e,1.024000,2.000000,RESOLVED,FighterParser,10,14,d:\RESULTS_REP\RepositoryContextEvaluationFramework__\analysis-input\repository-cache\repo7\src\main\java\com\ftpix\sherdogparser\parsers\FighterParser.java,
7:4,7,4,3237,lamarios/sherdog-parser,EventParser.parseEventFights,src/main/java/com/ftpix/sherdogparser/parsers/EventParser.java,7cdb36280317caeaaa54db77c04dc4b4e1db053e,1.020000,1.000000,RESOLVED,EventParser,8,7,d:\RESULTS_REP\RepositoryContextEvaluationFramework__\analysis-input\repository-cache\repo7\src\main\java\com\ftpix\sherdogparser\parsers\EventParser.java,
8:1,8,1,3264,geomajas/geomajas-project-server,GetMapConfigurationCommand.securityClone,command/src/main/java/org/geomajas/command/configuration/GetMapConfigurationCommand.java,904b7d7deed1350d28955589098dd1e0a786d76e,1.100000,3.000000,RESOLVED,GetMapConfigurationCommand,11,2,d:\RESULTS_REP\RepositoryContextEvaluationFramework__\analysis-input\repository-cache\repo8\command\src\main\java\org\geomajas\command\configuration\GetMapConfigurationCommand.java,
8:2,8,2,3264,geomajas/geomajas-project-server,GetMapConfigurationCommand.securityClone,command/src/main/java/org/geomajas/command/configuration/GetMapConfigurationCommand.java,904b7d7deed1350d28955589098dd1e0a786d76e,1.100000,3.000000,RESOLVED,GetMapConfigurationCommand,11,2,d:\RESULTS_REP\RepositoryContextEvaluationFramework__\analysis-input\repository-cache\repo8\command\src\main\java\org\geomajas\command\configuration\GetMapConfigurationCommand.java,
8:3,8,3,3265,geomajas/geomajas-project-server,SearchByLocationCommand.execute,command/src/main/java/org/geomajas/command/feature/SearchByLocationCommand.java,904b7d7deed1350d28955589098dd1e0a786d76e,1.500000,3.000000,RESOLVED,SearchByLocationCommand,3,7,d:\RESULTS_REP\RepositoryContextEvaluationFramework__\analysis-input\repository-cache\repo8\command\src\main\java\org\geomajas\command\feature\SearchByLocationCommand.java,
8:4,8,4,3266,geomajas/geomajas-project-server,WmsLayer.paint,plugin/layer-wms/wms/src/main/java/org/geomajas/layer/wms/WmsLayer.java,904b7d7deed1350d28955589098dd1e0a786d76e,0.974000,1.000000,RESOLVED,WmsLayer,39,22,d:\RESULTS_REP\RepositoryContextEvaluationFramework__\analysis-input\repository-cache\repo8\plugin\layer-wms\wms\src\main\java\org\geomajas\layer\wms\WmsLayer.java,
9:1,9,1,3535,drinkjava2/jBeanBox,BeanBoxUtils.doCreateBeanBox,jbeanbox/src/main/java/com/github/drinkjava2/jbeanbox/BeanBoxUtils.java,01c216599ffa2e5f2d9c01df2adaad0f45567c04,,6.000000,RESOLVED,BeanBoxUtils,14,0,d:\RESULTS_REP\RepositoryContextEvaluationFramework__\analysis-input\repository-cache\repo9\jbeanbox\src\main\java\com\github\drinkjava2\jbeanbox\BeanBoxUtils.java,
9:2,9,2,3536,drinkjava2/jBeanBox,BeanBoxContext.getBeanFromBox,jbeanbox/src/main/java/com/github/drinkjava2/jbeanbox/BeanBoxContext.java,01c216599ffa2e5f2d9c01df2adaad0f45567c04,0.969000,10.000000,RESOLVED,BeanBoxContext,42,14,d:\RESULTS_REP\RepositoryContextEvaluationFramework__\analysis-input\repository-cache\repo9\jbeanbox\src\main\java\com\github\drinkjava2\jbeanbox\BeanBoxContext.java,
9:3,9,3,3537,drinkjava2/jBeanBox,Analyzer.analyze,jbeanbox/src/main/java/com/github/drinkjava2/asm5_0_3/tree/analysis/Analyzer.java,01c216599ffa2e5f2d9c01df2adaad0f45567c04,0.828000,1.000000,RESOLVED,Analyzer,12,9,d:\RESULTS_REP\RepositoryContextEvaluationFramework__\analysis-input\repository-cache\repo9\jbeanbox\src\main\java\com\github\drinkjava2\asm5_0_3\tree\analysis\Analyzer.java,
10:1,10,1,3701,structlogging/structlogger,LogInvocationScanner.handleStructLogExpression,structlogger/src/main/java/com/github/structlogging/processor/LogInvocationScanner.java,1fcca4e962ef53cbdb94bd72cb556de7f5f9469f,1.125000,1.000000,RESOLVED,LogInvocationScanner,9,5,d:\RESULTS_REP\RepositoryContextEvaluationFramework__\analysis-input\repository-cache\repo10\structlogger\src\main\java\com\github\structlogging\processor\LogInvocationScanner.java,
10:2,10,2,3702,structlogging/structlogger,LogInvocationProcessor.checkVarContextProvider,structlogger/src/main/java/com/github/structlogging/processor/LogInvocationProcessor.java,1fcca4e962ef53cbdb94bd72cb556de7f5f9469f,0.944000,1.000000,RESOLVED,LogInvocationProcessor,5,9,d:\RESULTS_REP\RepositoryContextEvaluationFramework__\analysis-input\repository-cache\repo10\structlogger\src\main\java\com\github\structlogging\processor\LogInvocationProcessor.java,
10:3,10,3,3703,structlogging/structlogger,LogInvocationProcessor.processStructLogExpressions,structlogger/src/main/java/com/github/structlogging/processor/LogInvocationProcessor.java,1fcca4e962ef53cbdb94bd72cb556de7f5f9469f,0.944000,1.000000,RESOLVED,LogInvocationProcessor,5,9,d:\RESULTS_REP\RepositoryContextEvaluationFramework__\analysis-input\repository-cache\repo10\structlogger\src\main\java\com\github\structlogging\processor\LogInvocationProcessor.java,
11:1,11,1,3724,mbeiter/util,DataSourceFactory.getPoolingDataSource,db/src/main/java/org/beiter/michael/db/DataSourceFactory.java,490fcebecb936e00c2f2ce2096b679b2fd10865e,1.250000,1.000000,RESOLVED,DataSourceFactory,5,2,d:\RESULTS_REP\RepositoryContextEvaluationFramework__\analysis-input\repository-cache\repo11\db\src\main\java\org\beiter\michael\db\DataSourceFactory.java,
11:2,11,2,3725,mbeiter/util,MapBasedConnPropsBuilder.build,db/src/main/java/org/beiter/michael/db/propsbuilder/MapBasedConnPropsBuilder.java,490fcebecb936e00c2f2ce2096b679b2fd10865e,1.005000,2.000000,RESOLVED,MapBasedConnPropsBuilder,5,47,d:\RESULTS_REP\RepositoryContextEvaluationFramework__\analysis-input\repository-cache\repo11\db\src\main\java\org\beiter\michael\db\propsbuilder\MapBasedConnPropsBuilder.java,
11:3,11,3,3727,mbeiter/util,DataSourceFactory.getDataSource,db/src/main/java/org/beiter/michael/db/DataSourceFactory.java,490fcebecb936e00c2f2ce2096b679b2fd10865e,1.250000,1.000000,RESOLVED,DataSourceFactory,5,2,d:\RESULTS_REP\RepositoryContextEvaluationFramework__\analysis-input\repository-cache\repo11\db\src\main\java\org\beiter\michael\db\DataSourceFactory.java,
13:1,13,1,3927,FedericoPecora/meta-csp-framework,PlotBoxTLSmall.createChart,src/main/java/org/metacsp/utility/UI/PlotBoxTLSmall.java,42aaef2e2b76d0f738427f0dd9653c4f62b40517,1.103000,2.000000,RESOLVED,PlotBoxTLSmall,4,13,d:\RESULTS_REP\RepositoryContextEvaluationFramework__\analysis-input\repository-cache\repo13\src\main\java\org\metacsp\utility\UI\PlotBoxTLSmall.java,
13:2,13,2,3928,FedericoPecora/meta-csp-framework,BooleanConstraint.createBooleanConstraints,src/main/java/org/metacsp/booleanSAT/BooleanConstraint.java,42aaef2e2b76d0f738427f0dd9653c4f62b40517,0.700000,1.000000,RESOLVED,BooleanConstraint,6,2,d:\RESULTS_REP\RepositoryContextEvaluationFramework__\analysis-input\repository-cache\repo13\src\main\java\org\metacsp\booleanSAT\BooleanConstraint.java,
13:3,13,3,3929,FedericoPecora/meta-csp-framework,TrajectoryEnvelopeScheduler.getCurrentDependencies,src/main/java/org/metacsp/meta/spatioTemporal/paths/TrajectoryEnvelopeScheduler.java,42aaef2e2b76d0f738427f0dd9653c4f62b40517,1.015000,13.000000,RESOLVED,TrajectoryEnvelopeScheduler,18,4,d:\RESULTS_REP\RepositoryContextEvaluationFramework__\analysis-input\repository-cache\repo13\src\main\java\org\metacsp\meta\spatioTemporal\paths\TrajectoryEnvelopeScheduler.java,
14:1,14,1,4103,netscaler/nitro,base_resource.delete_request,src/main/java/com/citrix/netscaler/nitro/resource/base/base_resource.java,2a98692dcf4e4ec430c7d7baab8382e4ba5a35e4,,2.000000,RESOLVED,base_resource,45,0,d:\RESULTS_REP\RepositoryContextEvaluationFramework__\analysis-input\repository-cache\repo14\src\main\java\com\citrix\netscaler\nitro\resource\base\base_resource.java,
14:2,14,2,4104,netscaler/nitro,base_resource.get_request,src/main/java/com/citrix/netscaler/nitro/resource/base/base_resource.java,2a98692dcf4e4ec430c7d7baab8382e4ba5a35e4,,2.000000,RESOLVED,base_resource,45,0,d:\RESULTS_REP\RepositoryContextEvaluationFramework__\analysis-input\repository-cache\repo14\src\main\java\com\citrix\netscaler\nitro\resource\base\base_resource.java,
14:3,14,3,4105,netscaler/nitro,base_resource._put,src/main/java/com/citrix/netscaler/nitro/resource/base/base_resource.java,2a98692dcf4e4ec430c7d7baab8382e4ba5a35e4,,2.000000,RESOLVED,base_resource,45,0,d:\RESULTS_REP\RepositoryContextEvaluationFramework__\analysis-input\repository-cache\repo14\src\main\java\com\citrix\netscaler\nitro\resource\base\base_resource.java,
15:1,15,1,6706,thorstenwagner/TraJ,TrajectorySplineFit.calculateSpline,src/main/java/de/biomedical_imaging/traj/math/TrajectorySplineFit.java,505fafb1f2f77a2d67bb2a089a2fdebe2c9bc7cb,0.921000,1.000000,RESOLVED,TrajectorySplineFit,10,7,d:\RESULTS_REP\RepositoryContextEvaluationFramework__\analysis-input\repository-cache\repo15\src\main\java\de\biomedical_imaging\traj\math\TrajectorySplineFit.java,
15:2,15,2,6707,thorstenwagner/TraJ,TrajectorySplineFitLegacy.calculateSpline,src/main/java/de/biomedical_imaging/traj/math/TrajectorySplineFitLegacy.java,505fafb1f2f77a2d67bb2a089a2fdebe2c9bc7cb,0.933000,1.000000,RESOLVED,TrajectorySplineFitLegacy,11,6,d:\RESULTS_REP\RepositoryContextEvaluationFramework__\analysis-input\repository-cache\repo15\src\main\java\de\biomedical_imaging\traj\math\TrajectorySplineFitLegacy.java,
15:3,15,3,6708,thorstenwagner/TraJ,TrajectorySplineFit.showTrajectoryAndSpline,src/main/java/de/biomedical_imaging/traj/math/TrajectorySplineFit.java,505fafb1f2f77a2d67bb2a089a2fdebe2c9bc7cb,0.921000,1.000000,RESOLVED,TrajectorySplineFit,10,7,d:\RESULTS_REP\RepositoryContextEvaluationFramework__\analysis-input\repository-cache\repo15\src\main\java\de\biomedical_imaging\traj\math\TrajectorySplineFit.java,
16:1,16,1,6741,openengsb/openengsb,EDBConverter.convertSubModel,components/ekb/common/src/main/java/org/openengsb/core/ekb/common/EDBConverter.java,d39058000707f617cd405629f9bc7f17da7b414a,1.000000,1.000000,RESOLVED,EDBConverter,24,4,d:\RESULTS_REP\RepositoryContextEvaluationFramework__\analysis-input\repository-cache\repo16\components\ekb\common\src\main\java\org\openengsb\core\ekb\common\EDBConverter.java,
16:2,16,2,6742,openengsb/openengsb,EDBConverter.getValueForProperty,components/ekb/common/src/main/java/org/openengsb/core/ekb/common/EDBConverter.java,d39058000707f617cd405629f9bc7f17da7b414a,1.000000,1.000000,RESOLVED,EDBConverter,24,4,d:\RESULTS_REP\RepositoryContextEvaluationFramework__\analysis-input\repository-cache\repo16\components\ekb\common\src\main\java\org\openengsb\core\ekb\common\EDBConverter.java,
16:3,16,3,6743,openengsb/openengsb,CommitConverter.convert,components/edbi/hook/src/main/java/org/openengsb/framework/edbi/hook/internal/CommitConverter.java,d39058000707f617cd405629f9bc7f17da7b414a,1.067000,1.000000,RESOLVED,CommitConverter,6,3,d:\RESULTS_REP\RepositoryContextEvaluationFramework__\analysis-input\repository-cache\repo16\components\edbi\hook\src\main\java\org\openengsb\framework\edbi\hook\internal\CommitConverter.java,
17:3,17,3,7115,ow2-chameleon/fuchsia,ZWaveMultiInstanceCommandClass.handleMultiChannelCapabilityReportResponse,importers/zwave/src/main/java/org/ow2/chameleon/fuchsia/importer/zwave/internal/commandclass/ZWaveMultiInstanceCommandClass.java,4e9318eadbdeb945e529789f573b45386e619bed,1.005000,2.000000,RESOLVED,ZWaveMultiInstanceCommandClass,16,13,d:\RESULTS_REP\RepositoryContextEvaluationFramework__\analysis-input\repository-cache\repo17\importers\zwave\src\main\java\org\ow2\chameleon\fuchsia\importer\zwave\internal\commandclass\ZWaveMultiInstanceCommandClass.java,
18:1,18,1,7494,gsi-upm/BeastTool,ReceiveCallPlan.body,beast-tutorial/src/main/java/beast/tutorial/jadex/agent/ReceiveCallPlan.java,cc7fdc75cb818c5d60802aaf32c27829e0ca144c,,1.000000,RESOLVED,ReceiveCallPlan,1,2,d:\RESULTS_REP\RepositoryContextEvaluationFramework__\analysis-input\repository-cache\repo18\beast-tutorial\src\main\java\beast\tutorial\jadex\agent\ReceiveCallPlan.java,
18:2,18,2,7495,gsi-upm/BeastTool,SetupPlan.body,beast-tool/src/main/java/es/upm/dit/gsi/beast/mock/jadex/common/SetupPlan.java,cc7fdc75cb818c5d60802aaf32c27829e0ca144c,,1.000000,RESOLVED,SetupPlan,1,3,d:\RESULTS_REP\RepositoryContextEvaluationFramework__\analysis-input\repository-cache\repo18\beast-tool\src\main\java\es\upm\dit\gsi\beast\mock\jadex\common\SetupPlan.java,
18:3,18,3,7496,gsi-upm/BeastTool,SystemReader.generateJavaFilesForOneStory,beast-tool/src/main/java/es/upm/dit/gsi/beast/reader/system/SystemReader.java,cc7fdc75cb818c5d60802aaf32c27829e0ca144c,1.500000,1.000000,RESOLVED,SystemReader,3,1,d:\RESULTS_REP\RepositoryContextEvaluationFramework__\analysis-input\repository-cache\repo18\beast-tool\src\main\java\es\upm\dit\gsi\beast\reader\system\SystemReader.java,
20:1,20,1,7554,before/quality-check,InterfaceAnalyzer.analyze,modules/quality-immutable-object/src/main/java/net/sf/qualitycheck/immutableobject/generator/InterfaceAnalyzer.java,a75c32c39434ddb1f89bece57acae0536724c15a,,1.000000,RESOLVED,InterfaceAnalyzer,2,0,d:\RESULTS_REP\RepositoryContextEvaluationFramework__\analysis-input\repository-cache\repo20\modules\quality-immutable-object\src\main\java\net\sf\qualitycheck\immutableobject\generator\InterfaceAnalyzer.java,
20:2,20,2,7555,before/quality-check,ImmutableObjectGenerator.generate,modules/quality-immutable-object/src/main/java/net/sf/qualitycheck/immutableobject/generator/ImmutableObjectGenerator.java,a75c32c39434ddb1f89bece57acae0536724c15a,1.000000,1.000000,RESOLVED,ImmutableObjectGenerator,4,1,d:\RESULTS_REP\RepositoryContextEvaluationFramework__\analysis-input\repository-cache\repo20\modules\quality-immutable-object\src\main\java\net\sf\qualitycheck\immutableobject\generator\ImmutableObjectGenerator.java,
20:3,20,3,7556,before/quality-check,Check.checkNumberInRange,modules/quality-check/src/main/java/net/sf/qualitycheck/Check.java,a75c32c39434ddb1f89bece57acae0536724c15a,0.902000,102.000000,RESOLVED,Check,134,1,d:\RESULTS_REP\RepositoryContextEvaluationFramework__\analysis-input\repository-cache\repo20\modules\quality-check\src\main\java\net\sf\qualitycheck\Check.java,
20:4,20,4,7557,before/quality-check,MethodUtil.determineAccessorName,modules/quality-immutable-object/src/main/java/net/sf/qualitycheck/immutableobject/util/MethodUtil.java,a75c32c39434ddb1f89bece57acae0536724c15a,1.500000,1.000000,RESOLVED,MethodUtil,2,2,d:\RESULTS_REP\RepositoryContextEvaluationFramework__\analysis-input\repository-cache\repo20\modules\quality-immutable-object\src\main\java\net\sf\qualitycheck\immutableobject\util\MethodUtil.java,
21:1,21,1,7672,RestComm/cluster,DefaultMobicentsCluster.onViewChangeEvent,core/src/main/java/org/restcomm/cluster/DefaultMobicentsCluster.java,46bff5e9ae89528ccc7b43ba50a0de5b96913e6f,0.969000,3.000000,RESOLVED,DefaultMobicentsCluster,20,12,d:\RESULTS_REP\RepositoryContextEvaluationFramework__\analysis-input\repository-cache\repo21\core\src\main\java\org\restcomm\cluster\DefaultMobicentsCluster.java,
21:2,21,2,7673,RestComm/cluster,SetTimerAfterTxCommitRunnable.run,timers/src/main/java/org/restcomm/timers/SetTimerAfterTxCommitRunnable.java,46bff5e9ae89528ccc7b43ba50a0de5b96913e6f,1.000000,2.000000,RESOLVED,SetTimerAfterTxCommitRunnable,3,2,d:\RESULTS_REP\RepositoryContextEvaluationFramework__\analysis-input\repository-cache\repo21\timers\src\main\java\org\restcomm\timers\SetTimerAfterTxCommitRunnable.java,
21:3,21,3,7674,RestComm/cluster,FaultTolerantScheduler.cancel,timers/src/main/java/org/restcomm/timers/FaultTolerantScheduler.java,46bff5e9ae89528ccc7b43ba50a0de5b96913e6f,0.953000,1.000000,RESOLVED,FaultTolerantScheduler,18,10,d:\RESULTS_REP\RepositoryContextEvaluationFramework__\analysis-input\repository-cache\repo21\timers\src\main\java\org\restcomm\timers\FaultTolerantScheduler.java,
22:1,22,1,7698,jeppetto/jeppetto,MongoDBCallback.deriveClass1,jeppetto-dao-mongo/src/main/java/org/iternine/jeppetto/dao/mongodb/enhance/MongoDBCallback.java,bd2796dcf53376052f590e727931990a2902a933,1.062000,1.000000,RESOLVED,MongoDBCallback,5,4,d:\RESULTS_REP\RepositoryContextEvaluationFramework__\analysis-input\repository-cache\repo22\jeppetto-dao-mongo\src\main\java\org\iternine\jeppetto\dao\mongodb\enhance\MongoDBCallback.java,
22:2,22,2,7699,jeppetto/jeppetto,VelocityEnhancer.enhanceClass,jeppetto-enhance/src/main/java/org/iternine/jeppetto/enhance/VelocityEnhancer.java,bd2796dcf53376052f590e727931990a2902a933,1.083000,1.000000,RESOLVED,VelocityEnhancer,9,3,d:\RESULTS_REP\RepositoryContextEvaluationFramework__\analysis-input\repository-cache\repo22\jeppetto-enhance\src\main\java\org\iternine\jeppetto\enhance\VelocityEnhancer.java,
22:3,22,3,7700,jeppetto/jeppetto,DynamoDBQueryModelDAO.processIndexes,jeppetto-dao-dynamodb/src/main/java/org/iternine/jeppetto/dao/dynamodb/DynamoDBQueryModelDAO.java,bd2796dcf53376052f590e727931990a2902a933,0.954000,6.000000,RESOLVED,DynamoDBQueryModelDAO,34,17,d:\RESULTS_REP\RepositoryContextEvaluationFramework__\analysis-input\repository-cache\repo22\jeppetto-dao-dynamodb\src\main\java\org\iternine\jeppetto\dao\dynamodb\DynamoDBQueryModelDAO.java,
23:1,23,1,7777,usc/wechat-mp-sdk,MediaUtil.uploadMedia,wechat-mp-sdk/src/main/java/org/usc/wechat/mp/sdk/util/platform/MediaUtil.java,39d9574a8e3ffa3b61f88b4bef534d93645a825f,1.200000,2.000000,RESOLVED,MediaUtil,6,1,d:\RESULTS_REP\RepositoryContextEvaluationFramework__\analysis-input\repository-cache\repo23\wechat-mp-sdk\src\main\java\org\usc\wechat\mp\sdk\util\platform\MediaUtil.java,
23:2,23,2,7778,usc/wechat-mp-sdk,XmlUtil.unmarshal,wechat-mp-sdk/src/main/java/org/usc/wechat/mp/sdk/util/XmlUtil.java,39d9574a8e3ffa3b61f88b4bef534d93645a825f,,2.000000,RESOLVED,XmlUtil,3,0,d:\RESULTS_REP\RepositoryContextEvaluationFramework__\analysis-input\repository-cache\repo23\wechat-mp-sdk\src\main\java\org\usc\wechat\mp\sdk\util\XmlUtil.java,
23:3,23,3,7779,usc/wechat-mp-sdk,AccessServlet.doGet,wechat-mp-web/src/main/java/org/usc/wechat/mp/web/servlet/AccessServlet.java,39d9574a8e3ffa3b61f88b4bef534d93645a825f,1.167000,1.000000,RESOLVED,AccessServlet,5,3,d:\RESULTS_REP\RepositoryContextEvaluationFramework__\analysis-input\repository-cache\repo23\wechat-mp-web\src\main\java\org\usc\wechat\mp\web\servlet\AccessServlet.java,
24:1,24,1,7790,isisaddons-legacy/isis-module-excel,ExcelModuleDemoToDoItemBulkUpdateLineItem.apply,fixture/src/main/java/org/isisaddons/module/excel/fixture/app/ExcelModuleDemoToDoItemBulkUpdateLineItem.java,a3b92b1797ab2ed609667933d4164e9fb54b9f25,0.971000,2.000000,RESOLVED,ExcelModuleDemoToDoItemBulkUpdateLineItem,24,12,d:\RESULTS_REP\RepositoryContextEvaluationFramework__\analysis-input\repository-cache\repo24\fixture\src\main\java\org\isisaddons\module\excel\fixture\app\ExcelModuleDemoToDoItemBulkUpdateLineItem.java,
24:2,24,2,7791,isisaddons-legacy/isis-module-excel,ExcelConverter.appendSheet,dom/src/main/java/org/isisaddons/module/excel/dom/util/ExcelConverter.java,a3b92b1797ab2ed609667933d4164e9fb54b9f25,0.969000,2.000000,RESOLVED,ExcelConverter,17,6,d:\RESULTS_REP\RepositoryContextEvaluationFramework__\analysis-input\repository-cache\repo24\dom\src\main\java\org\isisaddons\module\excel\dom\util\ExcelConverter.java,
24:3,24,3,7792,isisaddons-legacy/isis-module-excel,SheetPivoter.pivot,dom/src/main/java/org/isisaddons/module/excel/dom/util/SheetPivoter.java,a3b92b1797ab2ed609667933d4164e9fb54b9f25,0.915000,1.000000,RESOLVED,SheetPivoter,21,13,d:\RESULTS_REP\RepositoryContextEvaluationFramework__\analysis-input\repository-cache\repo24\dom\src\main\java\org\isisaddons\module\excel\dom\util\SheetPivoter.java,
24:4,24,4,7793,isisaddons-legacy/isis-module-excel,ExcelModuleDemoToDoItemBulkUpdateManager.getToDoItems,fixture/src/main/java/org/isisaddons/module/excel/fixture/app/ExcelModuleDemoToDoItemBulkUpdateManager.java,a3b92b1797ab2ed609667933d4164e9fb54b9f25,0.977000,7.000000,RESOLVED,ExcelModuleDemoToDoItemBulkUpdateManager,17,8,d:\RESULTS_REP\RepositoryContextEvaluationFramework__\analysis-input\repository-cache\repo24\fixture\src\main\java\org\isisaddons\module\excel\fixture\app\ExcelModuleDemoToDoItemBulkUpdateManager.java,
25:1,25,1,7811,yyuu/jetty-nosql-memcached,KeyValueStoreSessionManager.refresh,jetty-nosql-kvs/src/main/java/org/eclipse/jetty/nosql/kvs/KeyValueStoreSessionManager.java,59014ef90490ec6de5609eca979e98ec60ee78d3,0.917000,3.000000,RESOLVED,KeyValueStoreSessionManager,22,4,d:\RESULTS_REP\RepositoryContextEvaluationFramework__\analysis-input\repository-cache\repo25\jetty-nosql-kvs\src\main\java\org\eclipse\jetty\nosql\kvs\KeyValueStoreSessionManager.java,
25:2,25,2,7812,yyuu/jetty-nosql-memcached,KeyValueStoreSessionManager.loadSession,jetty-nosql-kvs/src/main/java/org/eclipse/jetty/nosql/kvs/KeyValueStoreSessionManager.java,59014ef90490ec6de5609eca979e98ec60ee78d3,0.917000,3.000000,RESOLVED,KeyValueStoreSessionManager,22,4,d:\RESULTS_REP\RepositoryContextEvaluationFramework__\analysis-input\repository-cache\repo25\jetty-nosql-kvs\src\main\java\org\eclipse\jetty\nosql\kvs\KeyValueStoreSessionManager.java,
25:3,25,3,7813,yyuu/jetty-nosql-memcached,KeyValueStoreSessionManager.save,jetty-nosql-kvs/src/main/java/org/eclipse/jetty/nosql/kvs/KeyValueStoreSessionManager.java,59014ef90490ec6de5609eca979e98ec60ee78d3,0.917000,3.000000,RESOLVED,KeyValueStoreSessionManager,22,4,d:\RESULTS_REP\RepositoryContextEvaluationFramework__\analysis-input\repository-cache\repo25\jetty-nosql-kvs\src\main\java\org\eclipse\jetty\nosql\kvs\KeyValueStoreSessionManager.java,
26:1,26,1,7822,deephacks/confit,DefaultCacheValueSerializer.setProperties,provider-cached/src/main/java/org/deephacks/confit/internal/cached/DefaultCacheValueSerializer.java,4e6d4ee5fed32cbc5104433e61de1bcf1b360832,1.091000,1.000000,RESOLVED,DefaultCacheValueSerializer,12,7,d:\RESULTS_REP\RepositoryContextEvaluationFramework__\analysis-input\repository-cache\repo26\provider-cached\src\main\java\org\deephacks\confit\internal\cached\DefaultCacheValueSerializer.java,
26:2,26,2,7823,deephacks/confit,HBeanTable.getLazy,provider-hbase/src/main/java/org/deephacks/confit/internal/hbase/HBeanTable.java,4e6d4ee5fed32cbc5104433e61de1bcf1b360832,0.949000,2.000000,RESOLVED,HBeanTable,14,3,d:\RESULTS_REP\RepositoryContextEvaluationFramework__\analysis-input\repository-cache\repo26\provider-hbase\src\main\java\org\deephacks\confit\internal\hbase\HBeanTable.java,
26:3,26,3,7824,deephacks/confit,HBeanTable.scan,provider-hbase/src/main/java/org/deephacks/confit/internal/hbase/HBeanTable.java,4e6d4ee5fed32cbc5104433e61de1bcf1b360832,0.949000,2.000000,RESOLVED,HBeanTable,14,3,d:\RESULTS_REP\RepositoryContextEvaluationFramework__\analysis-input\repository-cache\repo26\provider-hbase\src\main\java\org\deephacks\confit\internal\hbase\HBeanTable.java,
26:4,26,4,7825,deephacks/confit,HBeanTable.listLazy,provider-hbase/src/main/java/org/deephacks/confit/internal/hbase/HBeanTable.java,4e6d4ee5fed32cbc5104433e61de1bcf1b360832,0.949000,2.000000,RESOLVED,HBeanTable,14,3,d:\RESULTS_REP\RepositoryContextEvaluationFramework__\analysis-input\repository-cache\repo26\provider-hbase\src\main\java\org\deephacks\confit\internal\hbase\HBeanTable.java,
27:1,27,1,7964,aerogear/aerogear-android-pipe,RestAdapter.computePagedList,library/src/main/java/org/jboss/aerogear/android/pipe/rest/RestAdapter.java,ac747965c2d06d6ad46dd8abfbabf3d793f06fa5,0.970000,2.000000,RESOLVED,RestAdapter,12,12,d:\RESULTS_REP\RepositoryContextEvaluationFramework__\analysis-input\repository-cache\repo27\library\src\main\java\org\jboss\aerogear\android\pipe\rest\RestAdapter.java,
27:2,27,2,7965,aerogear/aerogear-android-pipe,RestRunner.loadAuth,library/src/main/java/org/jboss/aerogear/android/pipe/rest/RestRunner.java,ac747965c2d06d6ad46dd8abfbabf3d793f06fa5,1.021000,1.000000,RESOLVED,RestRunner,14,11,d:\RESULTS_REP\RepositoryContextEvaluationFramework__\analysis-input\repository-cache\repo27\library\src\main\java\org\jboss\aerogear\android\pipe\rest\RestRunner.java,
27:3,27,3,7966,aerogear/aerogear-android-pipe,RestAdapter.remove,library/src/main/java/org/jboss/aerogear/android/pipe/rest/RestAdapter.java,ac747965c2d06d6ad46dd8abfbabf3d793f06fa5,0.970000,2.000000,RESOLVED,RestAdapter,12,12,d:\RESULTS_REP\RepositoryContextEvaluationFramework__\analysis-input\repository-cache\repo27\library\src\main\java\org\jboss\aerogear\android\pipe\rest\RestAdapter.java,
27:4,27,4,7967,aerogear/aerogear-android-pipe,HttpRestProvider.get,library/src/main/java/org/jboss/aerogear/android/pipe/http/HttpRestProvider.java,ac747965c2d06d6ad46dd8abfbabf3d793f06fa5,0.944000,2.000000,RESOLVED,HttpRestProvider,13,6,d:\RESULTS_REP\RepositoryContextEvaluationFramework__\analysis-input\repository-cache\repo27\library\src\main\java\org\jboss\aerogear\android\pipe\http\HttpRestProvider.java,
28:1,28,1,7974,mguymon/naether,RepositoryClient.newRepositorySystem,src/main/java/com/tobedevoured/naether/repo/RepositoryClient.java,218d8fd36c0b8b6e16d66e5715975570b4560ec4,0.778000,1.000000,RESOLVED,RepositoryClient,10,4,d:\RESULTS_REP\RepositoryContextEvaluationFramework__\analysis-input\repository-cache\repo28\src\main\java\com\tobedevoured\naether\repo\RepositoryClient.java,
28:2,28,2,7975,mguymon/naether,NaetherImpl.downloadArtifacts,src/main/java/com/tobedevoured/naether/impl/NaetherImpl.java,218d8fd36c0b8b6e16d66e5715975570b4560ec4,0.970000,1.000000,RESOLVED,NaetherImpl,38,9,d:\RESULTS_REP\RepositoryContextEvaluationFramework__\analysis-input\repository-cache\repo28\src\main\java\com\tobedevoured\naether\impl\NaetherImpl.java,
28:3,28,3,7976,mguymon/naether,Project.loadPOM,src/main/java/com/tobedevoured/naether/maven/Project.java,218d8fd36c0b8b6e16d66e5715975570b4560ec4,0.950000,3.000000,RESOLVED,Project,36,4,d:\RESULTS_REP\RepositoryContextEvaluationFramework__\analysis-input\repository-cache\repo28\src\main\java\com\tobedevoured\naether\maven\Project.java,
28:4,28,4,7977,mguymon/naether,Notation.getLocalPaths,src/main/java/com/tobedevoured/naether/util/Notation.java,218d8fd36c0b8b6e16d66e5715975570b4560ec4,1.143000,8.000000,RESOLVED,Notation,8,1,d:\RESULTS_REP\RepositoryContextEvaluationFramework__\analysis-input\repository-cache\repo28\src\main\java\com\tobedevoured\naether\util\Notation.java,
28:5,28,5,7978,mguymon/naether,NaetherImpl.deployArtifact,src/main/java/com/tobedevoured/naether/impl/NaetherImpl.java,218d8fd36c0b8b6e16d66e5715975570b4560ec4,0.970000,1.000000,RESOLVED,NaetherImpl,38,9,d:\RESULTS_REP\RepositoryContextEvaluationFramework__\analysis-input\repository-cache\repo28\src\main\java\com\tobedevoured\naether\impl\NaetherImpl.java,
29:1,29,1,8030,matthewhorridge/owlexplanation,BlackBoxExplanationGenerator2.computeExplanation,src/main/java/org/semanticweb/owl/explanation/impl/blackbox/BlackBoxExplanationGenerator2.java,439c5ca67835f5e421adde725e4e8a3bcd760ac8,1.000000,1.000000,RESOLVED,BlackBoxExplanationGenerator2,12,9,d:\RESULTS_REP\RepositoryContextEvaluationFramework__\analysis-input\repository-cache\repo29\src\main\java\org\semanticweb\owl\explanation\impl\blackbox\BlackBoxExplanationGenerator2.java,
29:2,29,2,8031,matthewhorridge/owlexplanation,LaconicExplanationGenerator.getReconstitutedLaconicJustifications,src/main/java/org/semanticweb/owl/explanation/impl/laconic/LaconicExplanationGenerator.java,439c5ca67835f5e421adde725e4e8a3bcd760ac8,0.974000,3.000000,RESOLVED,LaconicExplanationGenerator,14,9,d:\RESULTS_REP\RepositoryContextEvaluationFramework__\analysis-input\repository-cache\repo29\src\main\java\org\semanticweb\owl\explanation\impl\laconic\LaconicExplanationGenerator.java,
29:3,29,3,8032,matthewhorridge/owlexplanation,CompleteRootDerivedReasoner.getRootUnsatisfiableClasses,src/main/java/org/semanticweb/owl/explanation/impl/rootderived/CompleteRootDerivedReasoner.java,439c5ca67835f5e421adde725e4e8a3bcd760ac8,1.000000,4.000000,RESOLVED,CompleteRootDerivedReasoner,5,5,d:\RESULTS_REP\RepositoryContextEvaluationFramework__\analysis-input\repository-cache\repo29\src\main\java\org\semanticweb\owl\explanation\impl\rootderived\CompleteRootDerivedReasoner.java,
29:4,29,4,8033,matthewhorridge/owlexplanation,Explanation.store,src/main/java/org/semanticweb/owl/explanation/api/Explanation.java,439c5ca67835f5e421adde725e4e8a3bcd760ac8,0.694000,1.000000,RESOLVED,Explanation,13,3,d:\RESULTS_REP\RepositoryContextEvaluationFramework__\analysis-input\repository-cache\repo29\src\main\java\org\semanticweb\owl\explanation\api\Explanation.java,
29:5,29,5,8034,matthewhorridge/owlexplanation,BlackBoxExplanationGenerator.constructHittingSetTree,src/main/java/org/semanticweb/owl/explanation/impl/blackbox/BlackBoxExplanationGenerator.java,439c5ca67835f5e421adde725e4e8a3bcd760ac8,1.000000,2.000000,RESOLVED,BlackBoxExplanationGenerator,19,13,d:\RESULTS_REP\RepositoryContextEvaluationFramework__\analysis-input\repository-cache\repo29\src\main\java\org\semanticweb\owl\explanation\impl\blackbox\BlackBoxExplanationGenerator.java,
29:6,29,6,8035,matthewhorridge/owlexplanation,LaconicExplanationGenerator.computePreciseJustsOptimised,src/main/java/org/semanticweb/owl/explanation/impl/laconic/LaconicExplanationGenerator.java,439c5ca67835f5e421adde725e4e8a3bcd760ac8,0.974000,3.000000,RESOLVED,LaconicExplanationGenerator,14,9,d:\RESULTS_REP\RepositoryContextEvaluationFramework__\analysis-input\repository-cache\repo29\src\main\java\org\semanticweb\owl\explanation\impl\laconic\LaconicExplanationGenerator.java,
30:1,30,1,8055,foundation-runtime/logging,FoundationLoggingDispatcher.run,logging-log4j/src/main/java/com/cisco/oss/foundation/logging/FoundationLoggingDispatcher.java,cd0a07b3c5b458ecf90ab92a1e0c72a067f5cbd6,1.125000,1.000000,RESOLVED,FoundationLoggingDispatcher,3,4,d:\RESULTS_REP\RepositoryContextEvaluationFramework__\analysis-input\repository-cache\repo30\logging-log4j\src\main\java\com\cisco\oss\foundation\logging\FoundationLoggingDispatcher.java,
30:2,30,2,8056,foundation-runtime/logging,FoundationRollEventListener.logState,logging-log4j/src/main/java/com/cisco/oss/foundation/logging/appender/FoundationRollEventListener.java,cd0a07b3c5b458ecf90ab92a1e0c72a067f5cbd6,,1.000000,RESOLVED,FoundationRollEventListener,2,0,d:\RESULTS_REP\RepositoryContextEvaluationFramework__\analysis-input\repository-cache\repo30\logging-log4j\src\main\java\com\cisco\oss\foundation\logging\appender\FoundationRollEventListener.java,
30:3,30,3,8057,foundation-runtime/logging,FoundationLogger.init,logging-log4j/src/main/java/com/cisco/oss/foundation/logging/FoundationLogger.java,cd0a07b3c5b458ecf90ab92a1e0c72a067f5cbd6,0.920000,7.000000,RESOLVED,FoundationLogger,68,9,d:\RESULTS_REP\RepositoryContextEvaluationFramework__\analysis-input\repository-cache\repo30\logging-log4j\src\main\java\com\cisco\oss\foundation\logging\FoundationLogger.java,
30:4,30,4,8058,foundation-runtime/logging,AbstractFoundationLoggingMarker.scanClassPathForFormattingAnnotations,logging-api/src/main/java/com/cisco/oss/foundation/logging/structured/AbstractFoundationLoggingMarker.java,cd0a07b3c5b458ecf90ab92a1e0c72a067f5cbd6,1.014000,10.000000,RESOLVED,AbstractFoundationLoggingMarker,27,8,d:\RESULTS_REP\RepositoryContextEvaluationFramework__\analysis-input\repository-cache\repo30\logging-api\src\main\java\com\cisco\oss\foundation\logging\structured\AbstractFoundationLoggingMarker.java,
30:5,30,5,8059,foundation-runtime/logging,FoundationLogger.updateSniffingLoggersLevel,logging-log4j/src/main/java/com/cisco/oss/foundation/logging/FoundationLogger.java,cd0a07b3c5b458ecf90ab92a1e0c72a067f5cbd6,0.920000,7.000000,RESOLVED,FoundationLogger,68,9,d:\RESULTS_REP\RepositoryContextEvaluationFramework__\analysis-input\repository-cache\repo30\logging-log4j\src\main\java\com\cisco\oss\foundation\logging\FoundationLogger.java,
30:6,30,6,8060,foundation-runtime/logging,FoundationHierarchyEventListener.addAppenderEvent,logging-log4j/src/main/java/com/cisco/oss/foundation/logging/FoundationHierarchyEventListener.java,cd0a07b3c5b458ecf90ab92a1e0c72a067f5cbd6,1.143000,2.000000,RESOLVED,FoundationHierarchyEventListener,8,3,d:\RESULTS_REP\RepositoryContextEvaluationFramework__\analysis-input\repository-cache\repo30\logging-log4j\src\main\java\com\cisco\oss\foundation\logging\FoundationHierarchyEventListener.java,
30:7,30,7,8061,foundation-runtime/logging,TransactionLogger.addPropertiesProcessingTime,logging-api/src/main/java/com/cisco/oss/foundation/logging/transactions/TransactionLogger.java,cd0a07b3c5b458ecf90ab92a1e0c72a067f5cbd6,0.960000,1.000000,RESOLVED,TransactionLogger,35,17,d:\RESULTS_REP\RepositoryContextEvaluationFramework__\analysis-input\repository-cache\repo30\logging-api\src\main\java\com\cisco\oss\foundation\logging\transactions\TransactionLogger.java,
30:8,30,8,8062,foundation-runtime/logging,FoundationFileRollingAppender.activateOptions,logging-log4j/src/main/java/com/cisco/oss/foundation/logging/appender/FoundationFileRollingAppender.java,cd0a07b3c5b458ecf90ab92a1e0c72a067f5cbd6,0.966000,6.000000,RESOLVED,FoundationFileRollingAppender,60,7,d:\RESULTS_REP\RepositoryContextEvaluationFramework__\analysis-input\repository-cache\repo30\logging-log4j\src\main\java\com\cisco\oss\foundation\logging\appender\FoundationFileRollingAppender.java,
31:1,31,1,8139,jbossws/jbossws-common-tools,InstallModulesTask.execute,src/main/java/org/jboss/ws/tools/ant/InstallModulesTask.java,d05ad85663d706e5f0d634f2f8ca6665a6147b3e,0.875000,1.000000,RESOLVED,InstallModulesTask,5,2,d:\RESULTS_REP\RepositoryContextEvaluationFramework__\analysis-input\repository-cache\repo31\src\main\java\org\jboss\ws\tools\ant\InstallModulesTask.java,
31:2,31,2,8140,jbossws/jbossws-common-tools,SecurityActions.setContextClassLoader,src/main/java/org/jboss/ws/tools/ant/SecurityActions.java,d05ad85663d706e5f0d634f2f8ca6665a6147b3e,,3.000000,RESOLVED,SecurityActions,3,0,d:\RESULTS_REP\RepositoryContextEvaluationFramework__\analysis-input\repository-cache\repo31\src\main\java\org\jboss\ws\tools\ant\SecurityActions.java,
31:3,31,3,8141,jbossws/jbossws-common-tools,Log4jOutputStream.flush,src/main/java/org/jboss/ws/tools/cmd/Log4jOutputStream.java,d05ad85663d706e5f0d634f2f8ca6665a6147b3e,0.917000,1.000000,RESOLVED,Log4jOutputStream,4,8,d:\RESULTS_REP\RepositoryContextEvaluationFramework__\analysis-input\repository-cache\repo31\src\main\java\org\jboss\ws\tools\cmd\Log4jOutputStream.java,
